-- Generated by Craft v2.6.2972 on May 22, 2017, 5:37:47 AM.

--
-- Disable foreign key checks and autocommit.
--

SET FOREIGN_KEY_CHECKS = 0;
SET SQL_MODE = "NO_AUTO_VALUE_ON_ZERO";
SET AUTOCOMMIT = 0;
SET NAMES utf8;


DROP TABLE IF EXISTS `craft_assetfiles`;


--
-- Schema for table `craft_assetfiles`
--
CREATE TABLE `craft_assetfiles` (
  `id` int(11) NOT NULL,
  `sourceId` int(11) DEFAULT NULL,
  `folderId` int(11) NOT NULL,
  `filename` varchar(255) COLLATE utf8_unicode_ci NOT NULL,
  `kind` varchar(50) COLLATE utf8_unicode_ci NOT NULL DEFAULT 'unknown',
  `width` int(11) unsigned DEFAULT NULL,
  `height` int(11) unsigned DEFAULT NULL,
  `size` bigint(20) unsigned DEFAULT NULL,
  `dateModified` datetime DEFAULT NULL,
  `dateCreated` datetime NOT NULL,
  `dateUpdated` datetime NOT NULL,
  `uid` char(36) COLLATE utf8_unicode_ci NOT NULL DEFAULT '0',
  PRIMARY KEY (`id`),
  UNIQUE KEY `craft_assetfiles_filename_folderId_unq_idx` (`filename`,`folderId`),
  KEY `craft_assetfiles_sourceId_fk` (`sourceId`),
  KEY `craft_assetfiles_folderId_fk` (`folderId`)
) ENGINE=InnoDB DEFAULT CHARSET=utf8 COLLATE=utf8_unicode_ci;

DROP TABLE IF EXISTS `craft_assetfolders`;


--
-- Schema for table `craft_assetfolders`
--
CREATE TABLE `craft_assetfolders` (
  `id` int(11) NOT NULL AUTO_INCREMENT,
  `parentId` int(11) DEFAULT NULL,
  `sourceId` int(11) DEFAULT NULL,
  `name` varchar(255) COLLATE utf8_unicode_ci NOT NULL,
  `path` varchar(255) COLLATE utf8_unicode_ci DEFAULT NULL,
  `dateCreated` datetime NOT NULL,
  `dateUpdated` datetime NOT NULL,
  `uid` char(36) COLLATE utf8_unicode_ci NOT NULL DEFAULT '0',
  PRIMARY KEY (`id`),
  UNIQUE KEY `craft_assetfolders_name_parentId_sourceId_unq_idx` (`name`,`parentId`,`sourceId`),
  KEY `craft_assetfolders_parentId_fk` (`parentId`),
  KEY `craft_assetfolders_sourceId_fk` (`sourceId`)
) ENGINE=InnoDB DEFAULT CHARSET=utf8 COLLATE=utf8_unicode_ci;

DROP TABLE IF EXISTS `craft_assetindexdata`;


--
-- Schema for table `craft_assetindexdata`
--
CREATE TABLE `craft_assetindexdata` (
  `id` int(11) NOT NULL AUTO_INCREMENT,
  `sessionId` varchar(36) COLLATE utf8_unicode_ci NOT NULL DEFAULT '',
  `sourceId` int(10) NOT NULL,
  `offset` int(10) NOT NULL,
  `uri` varchar(255) COLLATE utf8_unicode_ci DEFAULT NULL,
  `size` varchar(255) COLLATE utf8_unicode_ci DEFAULT NULL,
  `recordId` int(10) DEFAULT NULL,
  `dateCreated` datetime NOT NULL,
  `dateUpdated` datetime NOT NULL,
  `uid` char(36) COLLATE utf8_unicode_ci NOT NULL DEFAULT '0',
  PRIMARY KEY (`id`),
  UNIQUE KEY `craft_assetindexdata_sessionId_sourceId_offset_unq_idx` (`sessionId`,`sourceId`,`offset`),
  KEY `craft_assetindexdata_sourceId_fk` (`sourceId`)
) ENGINE=InnoDB DEFAULT CHARSET=utf8 COLLATE=utf8_unicode_ci;

DROP TABLE IF EXISTS `craft_assetsources`;


--
-- Schema for table `craft_assetsources`
--
CREATE TABLE `craft_assetsources` (
  `id` int(11) NOT NULL AUTO_INCREMENT,
  `name` varchar(255) COLLATE utf8_unicode_ci NOT NULL,
  `handle` varchar(255) COLLATE utf8_unicode_ci NOT NULL,
  `type` varchar(150) COLLATE utf8_unicode_ci NOT NULL,
  `settings` text COLLATE utf8_unicode_ci,
  `sortOrder` smallint(6) unsigned DEFAULT NULL,
  `fieldLayoutId` int(10) DEFAULT NULL,
  `dateCreated` datetime NOT NULL,
  `dateUpdated` datetime NOT NULL,
  `uid` char(36) COLLATE utf8_unicode_ci NOT NULL DEFAULT '0',
  PRIMARY KEY (`id`),
  UNIQUE KEY `craft_assetsources_name_unq_idx` (`name`),
  UNIQUE KEY `craft_assetsources_handle_unq_idx` (`handle`),
  KEY `craft_assetsources_fieldLayoutId_fk` (`fieldLayoutId`)
) ENGINE=InnoDB DEFAULT CHARSET=utf8 COLLATE=utf8_unicode_ci;

DROP TABLE IF EXISTS `craft_assettransformindex`;


--
-- Schema for table `craft_assettransformindex`
--
CREATE TABLE `craft_assettransformindex` (
  `id` int(11) NOT NULL AUTO_INCREMENT,
  `fileId` int(11) NOT NULL,
  `filename` varchar(255) COLLATE utf8_unicode_ci DEFAULT NULL,
  `format` varchar(255) COLLATE utf8_unicode_ci DEFAULT NULL,
  `location` varchar(255) COLLATE utf8_unicode_ci NOT NULL,
  `sourceId` int(11) DEFAULT NULL,
  `fileExists` tinyint(1) DEFAULT NULL,
  `inProgress` tinyint(1) DEFAULT NULL,
  `dateIndexed` datetime DEFAULT NULL,
  `dateCreated` datetime NOT NULL,
  `dateUpdated` datetime NOT NULL,
  `uid` char(36) COLLATE utf8_unicode_ci NOT NULL DEFAULT '0',
  PRIMARY KEY (`id`),
  KEY `craft_assettransformindex_sourceId_fileId_location_idx` (`sourceId`,`fileId`,`location`)
) ENGINE=InnoDB DEFAULT CHARSET=utf8 COLLATE=utf8_unicode_ci;

DROP TABLE IF EXISTS `craft_assettransforms`;


--
-- Schema for table `craft_assettransforms`
--
CREATE TABLE `craft_assettransforms` (
  `id` int(11) NOT NULL AUTO_INCREMENT,
  `name` varchar(255) COLLATE utf8_unicode_ci NOT NULL,
  `handle` varchar(255) COLLATE utf8_unicode_ci NOT NULL,
  `mode` enum('stretch','fit','crop') COLLATE utf8_unicode_ci NOT NULL DEFAULT 'crop',
  `position` enum('top-left','top-center','top-right','center-left','center-center','center-right','bottom-left','bottom-center','bottom-right') COLLATE utf8_unicode_ci NOT NULL DEFAULT 'center-center',
  `height` int(10) DEFAULT NULL,
  `width` int(10) DEFAULT NULL,
  `format` varchar(255) COLLATE utf8_unicode_ci DEFAULT NULL,
  `quality` int(10) DEFAULT NULL,
  `dimensionChangeTime` datetime DEFAULT NULL,
  `dateCreated` datetime NOT NULL,
  `dateUpdated` datetime NOT NULL,
  `uid` char(36) COLLATE utf8_unicode_ci NOT NULL DEFAULT '0',
  PRIMARY KEY (`id`),
  UNIQUE KEY `craft_assettransforms_name_unq_idx` (`name`),
  UNIQUE KEY `craft_assettransforms_handle_unq_idx` (`handle`)
) ENGINE=InnoDB DEFAULT CHARSET=utf8 COLLATE=utf8_unicode_ci;

DROP TABLE IF EXISTS `craft_categories`;


--
-- Schema for table `craft_categories`
--
CREATE TABLE `craft_categories` (
  `id` int(11) NOT NULL,
  `groupId` int(11) NOT NULL,
  `dateCreated` datetime NOT NULL,
  `dateUpdated` datetime NOT NULL,
  `uid` char(36) COLLATE utf8_unicode_ci NOT NULL DEFAULT '0',
  PRIMARY KEY (`id`),
  KEY `craft_categories_groupId_fk` (`groupId`)
) ENGINE=InnoDB DEFAULT CHARSET=utf8 COLLATE=utf8_unicode_ci;

DROP TABLE IF EXISTS `craft_categorygroups`;


--
-- Schema for table `craft_categorygroups`
--
CREATE TABLE `craft_categorygroups` (
  `id` int(11) NOT NULL AUTO_INCREMENT,
  `structureId` int(11) NOT NULL,
  `fieldLayoutId` int(11) DEFAULT NULL,
  `name` varchar(255) COLLATE utf8_unicode_ci NOT NULL,
  `handle` varchar(255) COLLATE utf8_unicode_ci NOT NULL,
  `hasUrls` tinyint(1) unsigned NOT NULL DEFAULT '1',
  `template` varchar(500) COLLATE utf8_unicode_ci DEFAULT NULL,
  `dateCreated` datetime NOT NULL,
  `dateUpdated` datetime NOT NULL,
  `uid` char(36) COLLATE utf8_unicode_ci NOT NULL DEFAULT '0',
  PRIMARY KEY (`id`),
  UNIQUE KEY `craft_categorygroups_name_unq_idx` (`name`),
  UNIQUE KEY `craft_categorygroups_handle_unq_idx` (`handle`),
  KEY `craft_categorygroups_structureId_fk` (`structureId`),
  KEY `craft_categorygroups_fieldLayoutId_fk` (`fieldLayoutId`)
) ENGINE=InnoDB DEFAULT CHARSET=utf8 COLLATE=utf8_unicode_ci;

DROP TABLE IF EXISTS `craft_categorygroups_i18n`;


--
-- Schema for table `craft_categorygroups_i18n`
--
CREATE TABLE `craft_categorygroups_i18n` (
  `id` int(11) NOT NULL AUTO_INCREMENT,
  `groupId` int(11) NOT NULL,
  `locale` char(12) COLLATE utf8_unicode_ci NOT NULL,
  `urlFormat` text COLLATE utf8_unicode_ci,
  `nestedUrlFormat` text COLLATE utf8_unicode_ci,
  `dateCreated` datetime NOT NULL,
  `dateUpdated` datetime NOT NULL,
  `uid` char(36) COLLATE utf8_unicode_ci NOT NULL DEFAULT '0',
  PRIMARY KEY (`id`),
  UNIQUE KEY `craft_categorygroups_i18n_groupId_locale_unq_idx` (`groupId`,`locale`),
  KEY `craft_categorygroups_i18n_locale_fk` (`locale`)
) ENGINE=InnoDB DEFAULT CHARSET=utf8 COLLATE=utf8_unicode_ci;

DROP TABLE IF EXISTS `craft_content`;


--
-- Schema for table `craft_content`
--
CREATE TABLE `craft_content` (
  `id` int(11) NOT NULL AUTO_INCREMENT,
  `elementId` int(11) NOT NULL,
  `locale` char(12) COLLATE utf8_unicode_ci NOT NULL,
  `title` varchar(255) COLLATE utf8_unicode_ci DEFAULT NULL,
  `field_body` text COLLATE utf8_unicode_ci,
  `field_intro` text COLLATE utf8_unicode_ci,
  `field_featuredPress` text COLLATE utf8_unicode_ci,
  `field_email` text COLLATE utf8_unicode_ci,
  `field_client` text COLLATE utf8_unicode_ci,
  `field_projectSummary` text COLLATE utf8_unicode_ci,
  `field_trailer` text COLLATE utf8_unicode_ci,
  `field_projectType` text COLLATE utf8_unicode_ci,
  `dateCreated` datetime NOT NULL,
  `dateUpdated` datetime NOT NULL,
  `uid` char(36) COLLATE utf8_unicode_ci NOT NULL DEFAULT '0',
  PRIMARY KEY (`id`),
  UNIQUE KEY `craft_content_elementId_locale_unq_idx` (`elementId`,`locale`),
  KEY `craft_content_title_idx` (`title`),
  KEY `craft_content_locale_fk` (`locale`)
) ENGINE=InnoDB AUTO_INCREMENT=8 DEFAULT CHARSET=utf8 COLLATE=utf8_unicode_ci;

--
-- Data for table `craft_content`
--

INSERT INTO `craft_content` (`id`, `elementId`, `locale`, `title`, `field_body`, `field_intro`, `field_featuredPress`, `field_email`, `field_client`, `field_projectSummary`, `field_trailer`, `field_projectType`, `dateCreated`, `dateUpdated`, `uid`) VALUES
 ('1', '1', 'en_us', NULL, NULL, NULL, NULL, NULL, NULL, NULL, NULL, NULL, '2017-04-17 17:21:39', '2017-04-17 17:21:39', 'f762988d-8976-46d6-9076-7cc2af8aa424'),
 ('2', '2', 'en_us', 'work', '', 'Director. Designer. Creative.', 'Shoot Mag top 5 up-and-coming.', NULL, NULL, NULL, NULL, NULL, '2017-04-17 17:21:41', '2017-05-21 04:36:44', 'e3cb7408-5112-4b2e-831d-c008aa6f2c41'),
 ('3', '3', 'en_us', 'We just installed Craft!', '<p>Craft is the CMS that’s powering Localhost. It’s beautiful, powerful, flexible, and easy-to-use, and it’s made by Pixel &amp; Tonic. We can’t wait to dive in and see what it’s capable of!</p><!--pagebreak--><p>This is even more captivating content, which you couldn’t see on the News index page because it was entered after a Page Break, and the News index template only likes to show the content on the first page.</p><p>Craft: a nice alternative to Word, if you’re making a website.</p>', NULL, NULL, NULL, NULL, NULL, NULL, NULL, '2017-04-17 17:21:41', '2017-04-17 17:21:41', 'a2cf3b26-50b1-41c9-97b6-dcc74a38cf85'),
 ('4', '4', 'en_us', NULL, NULL, NULL, NULL, 'travishanour@gmail.com', NULL, NULL, NULL, NULL, '2017-05-21 04:41:01', '2017-05-21 04:51:14', '400d83fb-d31a-4d62-a071-17031a482673'),
 ('5', '10', 'en_us', NULL, NULL, NULL, NULL, NULL, NULL, NULL, NULL, NULL, '2017-05-21 05:14:59', '2017-05-21 05:15:48', '63cd75c9-0e6c-4d95-ae79-bf641534610c'),
 ('6', '14', 'en_us', 'example', NULL, NULL, NULL, NULL, 'samsung', '<p>Lorem ipsum dolor sit amet, consectetuer adipiscing elit, sed diam  esse molestie consequat, vel.</p>', 'https://player.vimeo.com/external/181694434.hd.mp4?s=6621fb732ddaf96e4ca1ee31d3c0f794fcfe8d9b&profile_id=119', 'commercial', '2017-05-22 02:46:08', '2017-05-22 05:15:11', '5db6d314-c1f3-4ec9-a1f6-8cc4445efaaa'),
 ('7', '15', 'en_us', 'eexample 2', NULL, NULL, NULL, NULL, 'client name', '<p>Lorem ipsum dolor sit amet, consectetur adipisicing elit. Incidunt cupiditate numquam repellat, totam harum odio, minus minima blanditiis cum quasi.</p>', 'https://player.vimeo.com/external/165058959.hd.mp4?s=24e1498aa5dc1c9f5016162096c8dbc6a033ff1c&profile_id=174', 'commercial', '2017-05-22 02:46:26', '2017-05-22 04:50:52', 'e6173ed5-886a-4830-b044-083b07597399');



DROP TABLE IF EXISTS `craft_deprecationerrors`;


--
-- Schema for table `craft_deprecationerrors`
--
CREATE TABLE `craft_deprecationerrors` (
  `id` int(11) NOT NULL AUTO_INCREMENT,
  `key` varchar(255) COLLATE utf8_unicode_ci NOT NULL,
  `fingerprint` varchar(255) COLLATE utf8_unicode_ci NOT NULL,
  `lastOccurrence` datetime NOT NULL,
  `file` varchar(255) COLLATE utf8_unicode_ci NOT NULL,
  `line` smallint(6) unsigned NOT NULL,
  `class` varchar(255) COLLATE utf8_unicode_ci DEFAULT NULL,
  `method` varchar(255) COLLATE utf8_unicode_ci DEFAULT NULL,
  `template` varchar(255) COLLATE utf8_unicode_ci DEFAULT NULL,
  `templateLine` smallint(6) unsigned DEFAULT NULL,
  `message` varchar(255) COLLATE utf8_unicode_ci DEFAULT NULL,
  `traces` text COLLATE utf8_unicode_ci,
  `dateCreated` datetime NOT NULL,
  `dateUpdated` datetime NOT NULL,
  `uid` char(36) COLLATE utf8_unicode_ci NOT NULL DEFAULT '0',
  PRIMARY KEY (`id`),
  UNIQUE KEY `craft_deprecationerrors_key_fingerprint_unq_idx` (`key`,`fingerprint`)
) ENGINE=InnoDB DEFAULT CHARSET=utf8 COLLATE=utf8_unicode_ci;

DROP TABLE IF EXISTS `craft_elementindexsettings`;


--
-- Schema for table `craft_elementindexsettings`
--
CREATE TABLE `craft_elementindexsettings` (
  `id` int(11) NOT NULL AUTO_INCREMENT,
  `type` varchar(150) COLLATE utf8_unicode_ci NOT NULL,
  `settings` text COLLATE utf8_unicode_ci,
  `dateCreated` datetime NOT NULL,
  `dateUpdated` datetime NOT NULL,
  `uid` char(36) COLLATE utf8_unicode_ci NOT NULL DEFAULT '0',
  PRIMARY KEY (`id`),
  UNIQUE KEY `craft_elementindexsettings_type_unq_idx` (`type`)
) ENGINE=InnoDB DEFAULT CHARSET=utf8 COLLATE=utf8_unicode_ci;

DROP TABLE IF EXISTS `craft_elements`;


--
-- Schema for table `craft_elements`
--
CREATE TABLE `craft_elements` (
  `id` int(11) NOT NULL AUTO_INCREMENT,
  `type` varchar(150) COLLATE utf8_unicode_ci NOT NULL,
  `enabled` tinyint(1) unsigned NOT NULL DEFAULT '1',
  `archived` tinyint(1) unsigned NOT NULL DEFAULT '0',
  `dateCreated` datetime NOT NULL,
  `dateUpdated` datetime NOT NULL,
  `uid` char(36) COLLATE utf8_unicode_ci NOT NULL DEFAULT '0',
  PRIMARY KEY (`id`),
  KEY `craft_elements_type_idx` (`type`),
  KEY `craft_elements_enabled_idx` (`enabled`),
  KEY `craft_elements_archived_dateCreated_idx` (`archived`,`dateCreated`)
) ENGINE=InnoDB AUTO_INCREMENT=16 DEFAULT CHARSET=utf8 COLLATE=utf8_unicode_ci;

--
-- Data for table `craft_elements`
--

INSERT INTO `craft_elements` (`id`, `type`, `enabled`, `archived`, `dateCreated`, `dateUpdated`, `uid`) VALUES
 ('1', 'User', '1', '0', '2017-04-17 17:21:39', '2017-04-17 17:21:39', 'd517dff9-f1e4-415f-9ff4-153bd85863ae'),
 ('2', 'Entry', '1', '0', '2017-04-17 17:21:41', '2017-05-21 04:36:44', 'f1e6e146-36b5-436d-88a0-a64522ea7bcc'),
 ('3', 'Entry', '1', '0', '2017-04-17 17:21:41', '2017-04-17 17:21:41', '74a0c525-d60c-4155-bc56-56f21af7ae88'),
 ('4', 'GlobalSet', '1', '0', '2017-05-21 04:41:01', '2017-05-21 04:51:14', 'a066fee4-9bfe-4bc3-a686-817b3a64bc71'),
 ('5', 'MatrixBlock', '1', '0', '2017-05-21 04:50:34', '2017-05-21 04:51:14', '11e484f5-ea79-4a05-9ac6-b9225bd7cd8e'),
 ('6', 'MatrixBlock', '1', '0', '2017-05-21 04:50:34', '2017-05-21 04:51:14', 'e9402a4b-9d18-487a-aa5b-f5fbbeda8e76'),
 ('7', 'MatrixBlock', '1', '0', '2017-05-21 04:50:34', '2017-05-21 04:51:14', '83f4764b-4709-4c37-87a6-3ceef28ace81'),
 ('8', 'MatrixBlock', '1', '0', '2017-05-21 04:50:34', '2017-05-21 04:51:14', 'acd73da7-4608-4865-ad8b-3a44482e3140'),
 ('9', 'MatrixBlock', '1', '0', '2017-05-21 04:50:34', '2017-05-21 04:51:14', '0394e9d9-e150-483f-9d8f-be8b5ee39573'),
 ('10', 'GlobalSet', '1', '0', '2017-05-21 05:14:59', '2017-05-21 05:15:48', 'cca811d9-d376-4a13-9c40-2f0b0e1d3ac5'),
 ('11', 'MatrixBlock', '1', '0', '2017-05-21 05:15:48', '2017-05-21 05:15:48', '615ffff8-0344-4b3f-9a86-89731abbfcb9'),
 ('12', 'MatrixBlock', '1', '0', '2017-05-21 05:15:48', '2017-05-21 05:15:48', '5117e0b4-9df6-46dc-b19d-0ccdc9880ef4'),
 ('13', 'MatrixBlock', '1', '0', '2017-05-21 05:15:48', '2017-05-21 05:15:48', 'b1ca32b4-b49f-48df-8d51-91f49b1103f0'),
 ('14', 'Entry', '1', '0', '2017-05-22 02:46:08', '2017-05-22 05:15:11', '0a2789fe-671d-4f7f-a2a1-9737014add08'),
 ('15', 'Entry', '1', '0', '2017-05-22 02:46:26', '2017-05-22 04:50:52', '6a3a42f3-3ca3-47df-b9b7-9e3b6b8919ad');



DROP TABLE IF EXISTS `craft_elements_i18n`;


--
-- Schema for table `craft_elements_i18n`
--
CREATE TABLE `craft_elements_i18n` (
  `id` int(11) NOT NULL AUTO_INCREMENT,
  `elementId` int(11) NOT NULL,
  `locale` char(12) COLLATE utf8_unicode_ci NOT NULL,
  `slug` varchar(255) COLLATE utf8_unicode_ci DEFAULT NULL,
  `uri` varchar(255) COLLATE utf8_unicode_ci DEFAULT NULL,
  `enabled` tinyint(1) unsigned NOT NULL DEFAULT '1',
  `dateCreated` datetime NOT NULL,
  `dateUpdated` datetime NOT NULL,
  `uid` char(36) COLLATE utf8_unicode_ci NOT NULL DEFAULT '0',
  PRIMARY KEY (`id`),
  UNIQUE KEY `craft_elements_i18n_elementId_locale_unq_idx` (`elementId`,`locale`),
  UNIQUE KEY `craft_elements_i18n_uri_locale_unq_idx` (`uri`,`locale`),
  KEY `craft_elements_i18n_slug_locale_idx` (`slug`,`locale`),
  KEY `craft_elements_i18n_enabled_idx` (`enabled`),
  KEY `craft_elements_i18n_locale_fk` (`locale`)
) ENGINE=InnoDB AUTO_INCREMENT=16 DEFAULT CHARSET=utf8 COLLATE=utf8_unicode_ci;

--
-- Data for table `craft_elements_i18n`
--

INSERT INTO `craft_elements_i18n` (`id`, `elementId`, `locale`, `slug`, `uri`, `enabled`, `dateCreated`, `dateUpdated`, `uid`) VALUES
 ('1', '1', 'en_us', '', NULL, '1', '2017-04-17 17:21:39', '2017-04-17 17:21:39', 'b9b4a0ff-6a97-45a0-b340-b48dd08986ea'),
 ('2', '2', 'en_us', 'homepage', '__home__', '1', '2017-04-17 17:21:41', '2017-05-21 04:36:44', 'abb48a42-7984-4e97-8204-1e8f26897335'),
 ('3', '3', 'en_us', 'we-just-installed-craft', 'news/2017/we-just-installed-craft', '1', '2017-04-17 17:21:41', '2017-04-17 17:21:41', '37e6044c-036f-4dce-a140-201e0a582a69'),
 ('4', '4', 'en_us', '', NULL, '1', '2017-05-21 04:41:01', '2017-05-21 04:51:14', '4a7cafdb-795c-4e8c-9348-88a3c85b0d22'),
 ('5', '5', 'en_us', '', NULL, '1', '2017-05-21 04:50:34', '2017-05-21 04:51:14', 'b3c588de-a8b7-4b90-a476-2f2728d8f2d7'),
 ('6', '6', 'en_us', '', NULL, '1', '2017-05-21 04:50:34', '2017-05-21 04:51:14', '38f38647-cde6-4257-86fb-20229aba5052'),
 ('7', '7', 'en_us', '', NULL, '1', '2017-05-21 04:50:34', '2017-05-21 04:51:14', '973dea20-f51e-44e9-ae6e-0135f1008889'),
 ('8', '8', 'en_us', '', NULL, '1', '2017-05-21 04:50:34', '2017-05-21 04:51:14', '6db1f1c1-636a-4f90-ae32-81a8c146a1ba'),
 ('9', '9', 'en_us', '', NULL, '1', '2017-05-21 04:50:34', '2017-05-21 04:51:14', '36e48b77-be3b-427f-999b-20f32d386225'),
 ('10', '10', 'en_us', '', NULL, '1', '2017-05-21 05:14:59', '2017-05-21 05:15:48', '467cce04-a02a-40f7-afcf-ed68893355d4'),
 ('11', '11', 'en_us', '', NULL, '1', '2017-05-21 05:15:48', '2017-05-21 05:15:48', '8d880fdf-8328-4bb5-b7b8-9a13900cd3a2'),
 ('12', '12', 'en_us', '', NULL, '1', '2017-05-21 05:15:48', '2017-05-21 05:15:48', '47d2931d-eb49-46d8-8ea5-5bdecd023ecd'),
 ('13', '13', 'en_us', '', NULL, '1', '2017-05-21 05:15:48', '2017-05-21 05:15:48', 'c7c46002-3fb8-41b1-9826-7b2b499fdd5c'),
 ('14', '14', 'en_us', 'example', 'work/example', '1', '2017-05-22 02:46:08', '2017-05-22 05:15:11', 'a165cbc9-6b81-4f73-a94b-2c080783dee7'),
 ('15', '15', 'en_us', 'example-2', 'work/example-2', '1', '2017-05-22 02:46:26', '2017-05-22 04:50:52', '5f082c3f-6acf-483c-8701-3ff7c3766a3c');



DROP TABLE IF EXISTS `craft_emailmessages`;


--
-- Schema for table `craft_emailmessages`
--
CREATE TABLE `craft_emailmessages` (
  `id` int(11) NOT NULL AUTO_INCREMENT,
  `key` char(150) COLLATE utf8_unicode_ci NOT NULL,
  `locale` char(12) COLLATE utf8_unicode_ci NOT NULL,
  `subject` varchar(1000) COLLATE utf8_unicode_ci NOT NULL,
  `body` text COLLATE utf8_unicode_ci NOT NULL,
  `dateCreated` datetime NOT NULL,
  `dateUpdated` datetime NOT NULL,
  `uid` char(36) COLLATE utf8_unicode_ci NOT NULL DEFAULT '0',
  PRIMARY KEY (`id`),
  UNIQUE KEY `craft_emailmessages_key_locale_unq_idx` (`key`,`locale`),
  KEY `craft_emailmessages_locale_fk` (`locale`)
) ENGINE=InnoDB DEFAULT CHARSET=utf8 COLLATE=utf8_unicode_ci;

DROP TABLE IF EXISTS `craft_entries`;


--
-- Schema for table `craft_entries`
--
CREATE TABLE `craft_entries` (
  `id` int(11) NOT NULL,
  `sectionId` int(11) NOT NULL,
  `typeId` int(11) DEFAULT NULL,
  `authorId` int(11) DEFAULT NULL,
  `postDate` datetime DEFAULT NULL,
  `expiryDate` datetime DEFAULT NULL,
  `dateCreated` datetime NOT NULL,
  `dateUpdated` datetime NOT NULL,
  `uid` char(36) COLLATE utf8_unicode_ci NOT NULL DEFAULT '0',
  PRIMARY KEY (`id`),
  KEY `craft_entries_sectionId_idx` (`sectionId`),
  KEY `craft_entries_typeId_idx` (`typeId`),
  KEY `craft_entries_postDate_idx` (`postDate`),
  KEY `craft_entries_expiryDate_idx` (`expiryDate`),
  KEY `craft_entries_authorId_fk` (`authorId`)
) ENGINE=InnoDB DEFAULT CHARSET=utf8 COLLATE=utf8_unicode_ci;

--
-- Data for table `craft_entries`
--

INSERT INTO `craft_entries` (`id`, `sectionId`, `typeId`, `authorId`, `postDate`, `expiryDate`, `dateCreated`, `dateUpdated`, `uid`) VALUES
 ('2', '1', NULL, NULL, '2017-04-17 17:21:41', NULL, '2017-04-17 17:21:41', '2017-05-21 04:36:44', 'e82a47de-bc8c-4f40-aaf8-62f23d9535c1'),
 ('3', '2', '2', '1', '2017-04-17 17:21:41', NULL, '2017-04-17 17:21:41', '2017-04-17 17:21:41', '188c423c-8e29-4ac5-b6ae-44484a526cb4'),
 ('14', '3', '3', '1', '2017-05-21 02:46:00', NULL, '2017-05-22 02:46:08', '2017-05-22 05:15:11', '0e4252a0-51d8-43c0-90c7-837ea5472a4b'),
 ('15', '3', '3', '1', '2017-05-22 02:46:00', NULL, '2017-05-22 02:46:26', '2017-05-22 04:50:52', '7f3644f3-18a1-406b-821a-294e9cad920d');



DROP TABLE IF EXISTS `craft_entrydrafts`;


--
-- Schema for table `craft_entrydrafts`
--
CREATE TABLE `craft_entrydrafts` (
  `id` int(11) NOT NULL AUTO_INCREMENT,
  `entryId` int(11) NOT NULL,
  `sectionId` int(11) NOT NULL,
  `creatorId` int(11) NOT NULL,
  `locale` char(12) COLLATE utf8_unicode_ci NOT NULL,
  `name` varchar(255) COLLATE utf8_unicode_ci NOT NULL,
  `notes` tinytext COLLATE utf8_unicode_ci,
  `data` mediumtext COLLATE utf8_unicode_ci NOT NULL,
  `dateCreated` datetime NOT NULL,
  `dateUpdated` datetime NOT NULL,
  `uid` char(36) COLLATE utf8_unicode_ci NOT NULL DEFAULT '0',
  PRIMARY KEY (`id`),
  KEY `craft_entrydrafts_entryId_locale_idx` (`entryId`,`locale`),
  KEY `craft_entrydrafts_sectionId_fk` (`sectionId`),
  KEY `craft_entrydrafts_creatorId_fk` (`creatorId`),
  KEY `craft_entrydrafts_locale_fk` (`locale`)
) ENGINE=InnoDB DEFAULT CHARSET=utf8 COLLATE=utf8_unicode_ci;

DROP TABLE IF EXISTS `craft_entrytypes`;


--
-- Schema for table `craft_entrytypes`
--
CREATE TABLE `craft_entrytypes` (
  `id` int(11) NOT NULL AUTO_INCREMENT,
  `sectionId` int(11) NOT NULL,
  `fieldLayoutId` int(11) DEFAULT NULL,
  `name` varchar(255) COLLATE utf8_unicode_ci NOT NULL,
  `handle` varchar(255) COLLATE utf8_unicode_ci NOT NULL,
  `hasTitleField` tinyint(1) unsigned NOT NULL DEFAULT '1',
  `titleLabel` varchar(255) COLLATE utf8_unicode_ci DEFAULT 'Title',
  `titleFormat` varchar(255) COLLATE utf8_unicode_ci DEFAULT NULL,
  `sortOrder` smallint(6) unsigned DEFAULT NULL,
  `dateCreated` datetime NOT NULL,
  `dateUpdated` datetime NOT NULL,
  `uid` char(36) COLLATE utf8_unicode_ci NOT NULL DEFAULT '0',
  PRIMARY KEY (`id`),
  UNIQUE KEY `craft_entrytypes_name_sectionId_unq_idx` (`name`,`sectionId`),
  UNIQUE KEY `craft_entrytypes_handle_sectionId_unq_idx` (`handle`,`sectionId`),
  KEY `craft_entrytypes_sectionId_fk` (`sectionId`),
  KEY `craft_entrytypes_fieldLayoutId_fk` (`fieldLayoutId`)
) ENGINE=InnoDB AUTO_INCREMENT=4 DEFAULT CHARSET=utf8 COLLATE=utf8_unicode_ci;

--
-- Data for table `craft_entrytypes`
--

INSERT INTO `craft_entrytypes` (`id`, `sectionId`, `fieldLayoutId`, `name`, `handle`, `hasTitleField`, `titleLabel`, `titleFormat`, `sortOrder`, `dateCreated`, `dateUpdated`, `uid`) VALUES
 ('1', '1', '8', 'Homepage', 'homepage', '1', 'Title', NULL, '1', '2017-04-17 17:21:41', '2017-05-21 04:35:44', '603bf36a-bf7d-4c41-989c-ed3ab7a21e07'),
 ('2', '2', '5', 'News', 'news', '1', 'Title', NULL, '1', '2017-04-17 17:21:41', '2017-04-17 17:21:41', '78420309-e324-4907-9377-d8c81701f595'),
 ('3', '3', '21', 'work', 'work', '1', 'Title', NULL, '1', '2017-05-22 02:45:29', '2017-05-22 04:30:03', '20771a57-16ec-4b6c-8b62-063e13694182');



DROP TABLE IF EXISTS `craft_entryversions`;


--
-- Schema for table `craft_entryversions`
--
CREATE TABLE `craft_entryversions` (
  `id` int(11) NOT NULL AUTO_INCREMENT,
  `entryId` int(11) NOT NULL,
  `sectionId` int(11) NOT NULL,
  `creatorId` int(11) DEFAULT NULL,
  `locale` char(12) COLLATE utf8_unicode_ci NOT NULL,
  `num` smallint(6) unsigned NOT NULL,
  `notes` tinytext COLLATE utf8_unicode_ci,
  `data` mediumtext COLLATE utf8_unicode_ci NOT NULL,
  `dateCreated` datetime NOT NULL,
  `dateUpdated` datetime NOT NULL,
  `uid` char(36) COLLATE utf8_unicode_ci NOT NULL DEFAULT '0',
  PRIMARY KEY (`id`),
  KEY `craft_entryversions_entryId_locale_idx` (`entryId`,`locale`),
  KEY `craft_entryversions_sectionId_fk` (`sectionId`),
  KEY `craft_entryversions_creatorId_fk` (`creatorId`),
  KEY `craft_entryversions_locale_fk` (`locale`)
) ENGINE=InnoDB AUTO_INCREMENT=15 DEFAULT CHARSET=utf8 COLLATE=utf8_unicode_ci;

--
-- Data for table `craft_entryversions`
--

INSERT INTO `craft_entryversions` (`id`, `entryId`, `sectionId`, `creatorId`, `locale`, `num`, `notes`, `data`, `dateCreated`, `dateUpdated`, `uid`) VALUES
 ('1', '2', '1', '1', 'en_us', '1', NULL, '{\"typeId\":\"1\",\"authorId\":null,\"title\":\"Homepage\",\"slug\":\"homepage\",\"postDate\":1492449701,\"expiryDate\":null,\"enabled\":1,\"parentId\":null,\"fields\":[]}', '2017-04-17 17:21:41', '2017-04-17 17:21:41', 'abc6aba0-16df-425e-a22a-04728779e8ed'),
 ('2', '2', '1', '1', 'en_us', '2', NULL, '{\"typeId\":null,\"authorId\":null,\"title\":\"Welcome to Localhost!\",\"slug\":\"homepage\",\"postDate\":1492449701,\"expiryDate\":null,\"enabled\":\"1\",\"parentId\":null,\"fields\":{\"1\":\"<p>It\\u2019s true, this site doesn\\u2019t have a whole lot of content yet, but don\\u2019t worry. Our web developers have just installed the CMS, and they\\u2019re setting things up for the content editors this very moment. Soon Localhost will be an oasis of fresh perspectives, sharp analyses, and astute opinions that will keep you coming back again and again.<\\/p>\"}}', '2017-04-17 17:21:41', '2017-04-17 17:21:41', '632c1e3a-8249-460a-adcc-6d21e01e2bf6'),
 ('3', '3', '2', '1', 'en_us', '1', NULL, '{\"typeId\":\"2\",\"authorId\":\"1\",\"title\":\"We just installed Craft!\",\"slug\":\"we-just-installed-craft\",\"postDate\":1492449701,\"expiryDate\":null,\"enabled\":1,\"parentId\":null,\"fields\":[]}', '2017-04-17 17:21:41', '2017-04-17 17:21:41', '025e56e9-6a57-4e52-a19f-d3df7e7bc91b'),
 ('4', '2', '1', '1', 'en_us', '3', '', '{\"typeId\":null,\"authorId\":null,\"title\":\"Fuckyeah\",\"slug\":\"homepage\",\"postDate\":1492449701,\"expiryDate\":null,\"enabled\":1,\"parentId\":null,\"fields\":{\"1\":\"<p>It\\u2019s true, this site doesn\\u2019t have a whole lot of content yet, but don\\u2019t worry. Our web developers have just installed the CMS, and they\\u2019re setting things up for the content editors this very moment. Soon Localhost will be an oasis of fresh perspectives, sharp analyses, and astute opinions that will keep you coming back again and again.<\\/p>\"}}', '2017-04-17 18:12:11', '2017-04-17 18:12:11', '4e26e460-1949-4e8a-bede-75db69d2243c'),
 ('5', '2', '1', '1', 'en_us', '4', '', '{\"typeId\":null,\"authorId\":null,\"title\":\"work\",\"slug\":\"homepage\",\"postDate\":1492449701,\"expiryDate\":null,\"enabled\":1,\"parentId\":null,\"fields\":{\"1\":\"<p>Director. Designer. Creative.<\\/p>\"}}', '2017-05-21 04:27:23', '2017-05-21 04:27:23', '9bbf7eea-33c2-48da-b235-cc8221b3c198'),
 ('6', '2', '1', '1', 'en_us', '5', '', '{\"typeId\":null,\"authorId\":null,\"title\":\"work\",\"slug\":\"homepage\",\"postDate\":1492449701,\"expiryDate\":null,\"enabled\":1,\"parentId\":null,\"fields\":{\"1\":\"\",\"3\":\"Director. Designer. Creative.\"}}', '2017-05-21 04:32:50', '2017-05-21 04:32:50', '6f1327d0-5b51-4592-b671-25a3c4220bfb'),
 ('7', '2', '1', '1', 'en_us', '6', '', '{\"typeId\":null,\"authorId\":null,\"title\":\"work\",\"slug\":\"homepage\",\"postDate\":1492449701,\"expiryDate\":null,\"enabled\":1,\"parentId\":null,\"fields\":{\"1\":\"\",\"4\":\"Shoot Mag top 5 up-and-coming.\",\"3\":\"Director. Designer. Creative.\"}}', '2017-05-21 04:36:44', '2017-05-21 04:36:44', 'f921ac7c-8918-4b57-8d3a-2afaf66ef8a1'),
 ('8', '14', '3', '1', 'en_us', '1', '', '{\"typeId\":null,\"authorId\":\"1\",\"title\":\"example\",\"slug\":\"example\",\"postDate\":1495421168,\"expiryDate\":null,\"enabled\":1,\"parentId\":null,\"fields\":[]}', '2017-05-22 02:46:08', '2017-05-22 02:46:08', 'be1f5953-6bf4-4024-a024-c8ba868b348a'),
 ('9', '15', '3', '1', 'en_us', '1', '', '{\"typeId\":null,\"authorId\":\"1\",\"title\":\"example 2\",\"slug\":\"example-2\",\"postDate\":1495421186,\"expiryDate\":null,\"enabled\":1,\"parentId\":null,\"fields\":[]}', '2017-05-22 02:46:26', '2017-05-22 02:46:26', '847c8569-da98-4de6-955e-c60d00ee7f46'),
 ('10', '14', '3', '1', 'en_us', '2', '', '{\"typeId\":\"3\",\"authorId\":\"1\",\"title\":\"example\",\"slug\":\"example\",\"postDate\":1495421160,\"expiryDate\":null,\"enabled\":1,\"parentId\":null,\"fields\":{\"11\":\"samsung\",\"12\":\"\",\"14\":\"commercial\",\"13\":\"\"}}', '2017-05-22 04:30:32', '2017-05-22 04:30:32', 'e0b1113d-3b81-45e0-8518-000dfbb19e5a'),
 ('11', '14', '3', '1', 'en_us', '3', '', '{\"typeId\":\"3\",\"authorId\":\"1\",\"title\":\"example\",\"slug\":\"example\",\"postDate\":1495421160,\"expiryDate\":null,\"enabled\":1,\"parentId\":null,\"fields\":{\"11\":\"samsung\",\"12\":\"<p>Lorem ipsum dolor sit amet, consectetuer adipiscing elit, sed diam &nbsp;esse molestie consequat, vel.<\\/p>\",\"14\":\"commercial\",\"13\":\"\"}}', '2017-05-22 04:32:42', '2017-05-22 04:32:42', '7e9d246a-2cfc-4962-8e8c-c76a83e2cba9'),
 ('12', '14', '3', '1', 'en_us', '4', '', '{\"typeId\":\"3\",\"authorId\":\"1\",\"title\":\"example\",\"slug\":\"example\",\"postDate\":1495421160,\"expiryDate\":null,\"enabled\":1,\"parentId\":null,\"fields\":{\"11\":\"samsung\",\"12\":\"<p>Lorem ipsum dolor sit amet, consectetuer adipiscing elit, sed diam &nbsp;esse molestie consequat, vel.<\\/p>\",\"14\":\"commercial\",\"13\":\"https:\\/\\/player.vimeo.com\\/external\\/181694434.hd.mp4?s=6621fb732ddaf96e4ca1ee31d3c0f794fcfe8d9b&profile_id=119\"}}', '2017-05-22 04:37:43', '2017-05-22 04:37:43', '614637ab-c2e4-41a7-be9b-abe015e7c5ff'),
 ('13', '15', '3', '1', 'en_us', '2', '', '{\"typeId\":\"3\",\"authorId\":\"1\",\"title\":\"eexample 2\",\"slug\":\"example-2\",\"postDate\":1495421160,\"expiryDate\":null,\"enabled\":1,\"parentId\":null,\"fields\":{\"11\":\"client name\",\"12\":\"<p>Lorem ipsum dolor sit amet, consectetur adipisicing elit. Incidunt cupiditate numquam repellat, totam harum odio, minus minima blanditiis cum quasi.<\\/p>\",\"14\":\"commercial\",\"13\":\"https:\\/\\/player.vimeo.com\\/external\\/165058959.hd.mp4?s=24e1498aa5dc1c9f5016162096c8dbc6a033ff1c&profile_id=174\"}}', '2017-05-22 04:50:52', '2017-05-22 04:50:52', '45c99d53-4ba9-4999-9b85-dce6b58d7de5'),
 ('14', '14', '3', '1', 'en_us', '5', '', '{\"typeId\":\"3\",\"authorId\":\"1\",\"title\":\"example\",\"slug\":\"example\",\"postDate\":1495334760,\"expiryDate\":null,\"enabled\":1,\"parentId\":null,\"fields\":{\"11\":\"samsung\",\"12\":\"<p>Lorem ipsum dolor sit amet, consectetuer adipiscing elit, sed diam &nbsp;esse molestie consequat, vel.<\\/p>\",\"14\":\"commercial\",\"13\":\"https:\\/\\/player.vimeo.com\\/external\\/181694434.hd.mp4?s=6621fb732ddaf96e4ca1ee31d3c0f794fcfe8d9b&profile_id=119\"}}', '2017-05-22 05:15:11', '2017-05-22 05:15:11', '1da92a66-558a-403c-86b3-5a2eaf5f3eb4');



DROP TABLE IF EXISTS `craft_fieldgroups`;


--
-- Schema for table `craft_fieldgroups`
--
CREATE TABLE `craft_fieldgroups` (
  `id` int(11) NOT NULL AUTO_INCREMENT,
  `name` varchar(255) COLLATE utf8_unicode_ci NOT NULL,
  `dateCreated` datetime NOT NULL,
  `dateUpdated` datetime NOT NULL,
  `uid` char(36) COLLATE utf8_unicode_ci NOT NULL DEFAULT '0',
  PRIMARY KEY (`id`),
  UNIQUE KEY `craft_fieldgroups_name_unq_idx` (`name`)
) ENGINE=InnoDB AUTO_INCREMENT=6 DEFAULT CHARSET=utf8 COLLATE=utf8_unicode_ci;

--
-- Data for table `craft_fieldgroups`
--

INSERT INTO `craft_fieldgroups` (`id`, `name`, `dateCreated`, `dateUpdated`, `uid`) VALUES
 ('1', 'Default', '2017-04-17 17:21:41', '2017-04-17 17:21:41', '479ebdb8-e41a-4085-9435-d7ed646fb678'),
 ('2', 'home', '2017-05-21 04:34:02', '2017-05-21 04:34:02', '326ee6ec-787f-49dc-aadf-406cfe09b943'),
 ('3', 'contact', '2017-05-21 04:48:45', '2017-05-21 04:48:45', 'b4693aa5-c5b1-4337-9899-122596165164'),
 ('4', 'social', '2017-05-21 05:07:01', '2017-05-21 05:07:01', '8ba678fb-a478-41a2-9742-2197c76c464b'),
 ('5', 'case study', '2017-05-22 04:18:52', '2017-05-22 04:18:52', '88283fbe-0967-4588-81df-96b35495ffce');



DROP TABLE IF EXISTS `craft_fieldlayoutfields`;


--
-- Schema for table `craft_fieldlayoutfields`
--
CREATE TABLE `craft_fieldlayoutfields` (
  `id` int(11) NOT NULL AUTO_INCREMENT,
  `layoutId` int(11) NOT NULL,
  `tabId` int(11) NOT NULL,
  `fieldId` int(11) NOT NULL,
  `required` tinyint(1) unsigned NOT NULL DEFAULT '0',
  `sortOrder` smallint(6) unsigned DEFAULT NULL,
  `dateCreated` datetime NOT NULL,
  `dateUpdated` datetime NOT NULL,
  `uid` char(36) COLLATE utf8_unicode_ci NOT NULL DEFAULT '0',
  PRIMARY KEY (`id`),
  UNIQUE KEY `craft_fieldlayoutfields_layoutId_fieldId_unq_idx` (`layoutId`,`fieldId`),
  KEY `craft_fieldlayoutfields_sortOrder_idx` (`sortOrder`),
  KEY `craft_fieldlayoutfields_tabId_fk` (`tabId`),
  KEY `craft_fieldlayoutfields_fieldId_fk` (`fieldId`)
) ENGINE=InnoDB AUTO_INCREMENT=28 DEFAULT CHARSET=utf8 COLLATE=utf8_unicode_ci;

--
-- Data for table `craft_fieldlayoutfields`
--

INSERT INTO `craft_fieldlayoutfields` (`id`, `layoutId`, `tabId`, `fieldId`, `required`, `sortOrder`, `dateCreated`, `dateUpdated`, `uid`) VALUES
 ('2', '5', '2', '1', '1', '1', '2017-04-17 17:21:41', '2017-04-17 17:21:41', '05f65307-fad3-4833-998c-445c56964859'),
 ('3', '5', '2', '2', '0', '2', '2017-04-17 17:21:41', '2017-04-17 17:21:41', 'd0bd3d21-ed5a-48d2-87e9-37e56483522e'),
 ('8', '8', '5', '3', '0', '1', '2017-05-21 04:35:44', '2017-05-21 04:35:44', 'f45fe3bc-799e-4db9-af62-b9d55c600bc5'),
 ('9', '8', '5', '4', '0', '2', '2017-05-21 04:35:44', '2017-05-21 04:35:44', '5be78ef1-ff5a-48e1-be17-04ccd45bb57e'),
 ('10', '8', '5', '1', '0', '3', '2017-05-21 04:35:44', '2017-05-21 04:35:44', 'f7976305-e379-4eb9-962c-2619e469ced2'),
 ('13', '14', '8', '6', '0', '1', '2017-05-21 04:48:28', '2017-05-21 04:48:28', '0050b100-90db-4c22-9ab7-d4b87ee3c56a'),
 ('14', '14', '8', '5', '0', '2', '2017-05-21 04:48:28', '2017-05-21 04:48:28', '2285b2f2-0f5e-4879-9c01-baa5fbd7a581'),
 ('15', '15', '9', '7', '0', '1', '2017-05-21 04:49:04', '2017-05-21 04:49:04', '95399e98-8d32-4c01-a933-0baacaa9dd16'),
 ('16', '16', '10', '9', '0', '1', '2017-05-21 05:14:08', '2017-05-21 05:14:08', '66d365eb-2481-4030-981a-9e826f193002'),
 ('17', '16', '10', '10', '0', '2', '2017-05-21 05:14:08', '2017-05-21 05:14:08', 'be787f28-d0b2-4c39-9a79-8e21fa32c61e'),
 ('18', '17', '11', '8', '0', '1', '2017-05-21 05:14:59', '2017-05-21 05:14:59', 'f941f0e1-6cf8-48b3-88c0-c411e0645eed'),
 ('24', '21', '14', '11', '0', '1', '2017-05-22 04:30:03', '2017-05-22 04:30:03', 'ab56a432-b4b4-4c76-a125-94d2a5c3cf13'),
 ('25', '21', '14', '14', '0', '2', '2017-05-22 04:30:03', '2017-05-22 04:30:03', '9483b04f-b3f3-4b23-a22e-d253d72e39dc'),
 ('26', '21', '14', '12', '0', '3', '2017-05-22 04:30:03', '2017-05-22 04:30:03', '6ede2119-950c-45c2-8dd5-d8db630fbcf2'),
 ('27', '21', '14', '13', '0', '4', '2017-05-22 04:30:03', '2017-05-22 04:30:03', '14fe76ae-f608-4a56-8e22-73cf5311eda0');



DROP TABLE IF EXISTS `craft_fieldlayouts`;


--
-- Schema for table `craft_fieldlayouts`
--
CREATE TABLE `craft_fieldlayouts` (
  `id` int(11) NOT NULL AUTO_INCREMENT,
  `type` varchar(150) COLLATE utf8_unicode_ci NOT NULL,
  `dateCreated` datetime NOT NULL,
  `dateUpdated` datetime NOT NULL,
  `uid` char(36) COLLATE utf8_unicode_ci NOT NULL DEFAULT '0',
  PRIMARY KEY (`id`),
  KEY `craft_fieldlayouts_type_idx` (`type`)
) ENGINE=InnoDB AUTO_INCREMENT=22 DEFAULT CHARSET=utf8 COLLATE=utf8_unicode_ci;

--
-- Data for table `craft_fieldlayouts`
--

INSERT INTO `craft_fieldlayouts` (`id`, `type`, `dateCreated`, `dateUpdated`, `uid`) VALUES
 ('1', 'Tag', '2017-04-17 17:21:41', '2017-04-17 17:21:41', '64415a64-c1eb-442d-aa52-125e98106446'),
 ('5', 'Entry', '2017-04-17 17:21:41', '2017-04-17 17:21:41', '52c45441-e984-4e34-943e-67365b94d594'),
 ('8', 'Entry', '2017-05-21 04:35:44', '2017-05-21 04:35:44', 'b59e60ac-77ec-4ed7-86d4-a1436bc31a2b'),
 ('14', 'GlobalSet', '2017-05-21 04:48:28', '2017-05-21 04:48:28', '01820659-a64e-491c-b20b-8c3e47f5de32'),
 ('15', 'MatrixBlock', '2017-05-21 04:49:04', '2017-05-21 04:49:04', '35114db3-88dc-496f-aa90-2baa7b31dea9'),
 ('16', 'MatrixBlock', '2017-05-21 05:14:08', '2017-05-21 05:14:08', 'e76311fc-3262-49fb-b84c-0029772be8ec'),
 ('17', 'GlobalSet', '2017-05-21 05:14:59', '2017-05-21 05:14:59', '0fcd54c3-13df-432b-8368-b4165e9f8863'),
 ('21', 'Entry', '2017-05-22 04:30:03', '2017-05-22 04:30:03', 'bec3cf9e-9a01-4f8e-9271-6fbd89e5125d');



DROP TABLE IF EXISTS `craft_fieldlayouttabs`;


--
-- Schema for table `craft_fieldlayouttabs`
--
CREATE TABLE `craft_fieldlayouttabs` (
  `id` int(11) NOT NULL AUTO_INCREMENT,
  `layoutId` int(11) NOT NULL,
  `name` varchar(255) COLLATE utf8_unicode_ci NOT NULL,
  `sortOrder` smallint(6) unsigned DEFAULT NULL,
  `dateCreated` datetime NOT NULL,
  `dateUpdated` datetime NOT NULL,
  `uid` char(36) COLLATE utf8_unicode_ci NOT NULL DEFAULT '0',
  PRIMARY KEY (`id`),
  KEY `craft_fieldlayouttabs_sortOrder_idx` (`sortOrder`),
  KEY `craft_fieldlayouttabs_layoutId_fk` (`layoutId`)
) ENGINE=InnoDB AUTO_INCREMENT=15 DEFAULT CHARSET=utf8 COLLATE=utf8_unicode_ci;

--
-- Data for table `craft_fieldlayouttabs`
--

INSERT INTO `craft_fieldlayouttabs` (`id`, `layoutId`, `name`, `sortOrder`, `dateCreated`, `dateUpdated`, `uid`) VALUES
 ('2', '5', 'Content', '1', '2017-04-17 17:21:41', '2017-04-17 17:21:41', '7d9e4f52-648f-4987-a82b-47f80d4e7cc8'),
 ('5', '8', 'Content', '1', '2017-05-21 04:35:44', '2017-05-21 04:35:44', '78ea362f-e59f-479f-9cbe-cd3380bbcaf3'),
 ('8', '14', 'Content', '1', '2017-05-21 04:48:28', '2017-05-21 04:48:28', '9b81018d-d5e1-4125-9830-efbdd979871f'),
 ('9', '15', 'Content', '1', '2017-05-21 04:49:04', '2017-05-21 04:49:04', '7d7153be-25a6-47aa-8231-44f34c0456e0'),
 ('10', '16', 'Content', '1', '2017-05-21 05:14:08', '2017-05-21 05:14:08', '7f016ae4-0eac-4c62-857b-3e1d74442c4d'),
 ('11', '17', 'Content', '1', '2017-05-21 05:14:59', '2017-05-21 05:14:59', '83a103ec-7c4a-4f6d-abfc-695c7fae352b'),
 ('14', '21', 'Tab 1', '1', '2017-05-22 04:30:03', '2017-05-22 04:30:03', '0382055c-0472-4d2f-8802-283d4bef8362');



DROP TABLE IF EXISTS `craft_fields`;


--
-- Schema for table `craft_fields`
--
CREATE TABLE `craft_fields` (
  `id` int(11) NOT NULL AUTO_INCREMENT,
  `groupId` int(11) DEFAULT NULL,
  `name` varchar(255) COLLATE utf8_unicode_ci NOT NULL,
  `handle` varchar(58) COLLATE utf8_unicode_ci NOT NULL,
  `context` varchar(255) COLLATE utf8_unicode_ci NOT NULL DEFAULT 'global',
  `instructions` text COLLATE utf8_unicode_ci,
  `translatable` tinyint(1) unsigned NOT NULL DEFAULT '0',
  `type` varchar(150) COLLATE utf8_unicode_ci NOT NULL,
  `settings` text COLLATE utf8_unicode_ci,
  `dateCreated` datetime NOT NULL,
  `dateUpdated` datetime NOT NULL,
  `uid` char(36) COLLATE utf8_unicode_ci NOT NULL DEFAULT '0',
  PRIMARY KEY (`id`),
  UNIQUE KEY `craft_fields_handle_context_unq_idx` (`handle`,`context`),
  KEY `craft_fields_context_idx` (`context`),
  KEY `craft_fields_groupId_fk` (`groupId`)
) ENGINE=InnoDB AUTO_INCREMENT=15 DEFAULT CHARSET=utf8 COLLATE=utf8_unicode_ci;

--
-- Data for table `craft_fields`
--

INSERT INTO `craft_fields` (`id`, `groupId`, `name`, `handle`, `context`, `instructions`, `translatable`, `type`, `settings`, `dateCreated`, `dateUpdated`, `uid`) VALUES
 ('1', '1', 'Body', 'body', 'global', NULL, '1', 'RichText', '{\"configFile\":\"Standard.json\",\"columnType\":\"text\"}', '2017-04-17 17:21:41', '2017-04-17 17:21:41', '44713211-531f-49e3-ae25-00d24791de1a'),
 ('2', '1', 'Tags', 'tags', 'global', NULL, '0', 'Tags', '{\"source\":\"taggroup:1\"}', '2017-04-17 17:21:41', '2017-04-17 17:21:41', 'dea7fe35-a657-4133-9555-1f50f298b606'),
 ('3', '2', 'intro', 'intro', 'global', '', '0', 'PlainText', '{\"placeholder\":\"\",\"maxLength\":\"\",\"multiline\":\"\",\"initialRows\":\"4\"}', '2017-05-21 04:30:44', '2017-05-21 04:34:30', '57b18735-7441-430e-958f-6d85788ca7dd'),
 ('4', '2', 'featured press', 'featuredPress', 'global', '', '0', 'PlainText', '{\"placeholder\":\"\",\"maxLength\":\"\",\"multiline\":\"\",\"initialRows\":\"4\"}', '2017-05-21 04:35:21', '2017-05-21 04:35:21', 'ac64384c-b88e-422b-adfd-be6160d536ce'),
 ('5', '3', 'email', 'email', 'global', '', '0', 'PlainText', '{\"placeholder\":\"\",\"maxLength\":\"\",\"multiline\":\"\",\"initialRows\":\"4\"}', '2017-05-21 04:43:40', '2017-05-21 04:48:55', '2ecb7527-8e1d-4ce0-8417-2e90b787a420'),
 ('6', '3', 'commercial', 'commercial', 'global', '', '0', 'Matrix', '{\"maxBlocks\":null}', '2017-05-21 04:48:03', '2017-05-21 04:49:04', '3182e61e-94e6-4bfc-8133-8f4fce7cc2ec'),
 ('7', NULL, 'line item', 'lineItem', 'matrixBlockType:1', '', '0', 'PlainText', '{\"placeholder\":\"\",\"maxLength\":\"\",\"multiline\":\"\",\"initialRows\":\"4\"}', '2017-05-21 04:48:03', '2017-05-21 04:49:04', 'f587759f-dd2f-4838-8ca0-9335ace6f0c9'),
 ('8', '4', 'social', 'social', 'global', '', '0', 'Matrix', '{\"maxBlocks\":null}', '2017-05-21 05:14:08', '2017-05-21 05:14:08', '761b04d9-e24f-45b0-8e26-616d512c2fa2'),
 ('9', NULL, 'social channel', 'socialChannel', 'matrixBlockType:2', '', '0', 'PlainText', '{\"placeholder\":\"network name\",\"maxLength\":\"\",\"multiline\":\"\",\"initialRows\":\"4\"}', '2017-05-21 05:14:08', '2017-05-21 05:14:08', '4bf75151-43f9-48a2-9051-984bbc5b876d'),
 ('10', NULL, 'social link', 'socialLink', 'matrixBlockType:2', 'link to page on network', '0', 'PlainText', '{\"placeholder\":\"\",\"maxLength\":\"\",\"multiline\":\"\",\"initialRows\":\"4\"}', '2017-05-21 05:14:08', '2017-05-21 05:14:08', 'cc24df74-30a3-4a6f-ad2d-20e319cd8251'),
 ('11', '5', 'client', 'client', 'global', '', '0', 'PlainText', '{\"placeholder\":\"\",\"maxLength\":\"\",\"multiline\":\"\",\"initialRows\":\"4\"}', '2017-05-22 04:20:19', '2017-05-22 04:20:19', 'e4eb5ff0-f1d8-454c-923a-4f5c1e42e583'),
 ('12', '5', 'project summary', 'projectSummary', 'global', 'Project summary for homepage', '0', 'RichText', '{\"configFile\":\"\",\"availableAssetSources\":\"*\",\"availableTransforms\":\"*\",\"cleanupHtml\":\"1\",\"purifyHtml\":\"1\",\"columnType\":\"text\"}', '2017-05-22 04:23:37', '2017-05-22 04:31:13', 'ebfd0f35-3049-4799-912b-c5afbad26ef7'),
 ('13', '5', 'trailer', 'trailer', 'global', 'vimeo url of looping trailer', '0', 'PlainText', '{\"placeholder\":\"\",\"maxLength\":\"\",\"multiline\":\"\",\"initialRows\":\"4\"}', '2017-05-22 04:28:30', '2017-05-22 04:28:30', '04d50526-548e-487d-a244-08d3c9e4497c'),
 ('14', '5', 'project type', 'projectType', 'global', '', '0', 'PlainText', '{\"placeholder\":\"\",\"maxLength\":\"\",\"multiline\":\"\",\"initialRows\":\"4\"}', '2017-05-22 04:29:37', '2017-05-22 04:29:37', '73eef62f-d61e-497a-a3bc-90aa2bc5d670');



DROP TABLE IF EXISTS `craft_globalsets`;


--
-- Schema for table `craft_globalsets`
--
CREATE TABLE `craft_globalsets` (
  `id` int(11) NOT NULL,
  `name` varchar(255) COLLATE utf8_unicode_ci NOT NULL,
  `handle` varchar(255) COLLATE utf8_unicode_ci NOT NULL,
  `fieldLayoutId` int(10) DEFAULT NULL,
  `dateCreated` datetime NOT NULL,
  `dateUpdated` datetime NOT NULL,
  `uid` char(36) COLLATE utf8_unicode_ci NOT NULL DEFAULT '0',
  PRIMARY KEY (`id`),
  UNIQUE KEY `craft_globalsets_name_unq_idx` (`name`),
  UNIQUE KEY `craft_globalsets_handle_unq_idx` (`handle`),
  KEY `craft_globalsets_fieldLayoutId_fk` (`fieldLayoutId`)
) ENGINE=InnoDB DEFAULT CHARSET=utf8 COLLATE=utf8_unicode_ci;

--
-- Data for table `craft_globalsets`
--

INSERT INTO `craft_globalsets` (`id`, `name`, `handle`, `fieldLayoutId`, `dateCreated`, `dateUpdated`, `uid`) VALUES
 ('4', 'contact', 'contact', '14', '2017-05-21 04:41:01', '2017-05-21 04:48:28', '58bee45f-1c25-45be-95b4-379a4d4563b9'),
 ('10', 'footer', 'footer', '17', '2017-05-21 05:14:59', '2017-05-21 05:14:59', '1d2fd0d0-b688-4187-9b89-c69bf5ae5e65');



DROP TABLE IF EXISTS `craft_info`;


--
-- Schema for table `craft_info`
--
CREATE TABLE `craft_info` (
  `id` int(11) NOT NULL AUTO_INCREMENT,
  `version` varchar(50) COLLATE utf8_unicode_ci NOT NULL,
  `schemaVersion` varchar(15) COLLATE utf8_unicode_ci NOT NULL,
  `edition` tinyint(1) unsigned NOT NULL DEFAULT '0',
  `siteName` varchar(100) COLLATE utf8_unicode_ci NOT NULL,
  `siteUrl` varchar(255) COLLATE utf8_unicode_ci NOT NULL,
  `timezone` varchar(30) COLLATE utf8_unicode_ci DEFAULT NULL,
  `on` tinyint(1) unsigned NOT NULL DEFAULT '0',
  `maintenance` tinyint(1) unsigned NOT NULL DEFAULT '0',
  `dateCreated` datetime NOT NULL,
  `dateUpdated` datetime NOT NULL,
  `uid` char(36) COLLATE utf8_unicode_ci NOT NULL DEFAULT '0',
  PRIMARY KEY (`id`)
) ENGINE=InnoDB AUTO_INCREMENT=2 DEFAULT CHARSET=utf8 COLLATE=utf8_unicode_ci;

--
-- Data for table `craft_info`
--

INSERT INTO `craft_info` (`id`, `version`, `schemaVersion`, `edition`, `siteName`, `siteUrl`, `timezone`, `on`, `maintenance`, `dateCreated`, `dateUpdated`, `uid`) VALUES
 ('1', '2.6.2972', '2.6.9', '0', 'Travis Hanour', 'http://localhost:8888', 'UTC', '1', '1', '2017-04-17 17:21:37', '2017-05-22 05:37:47', '2f361a3e-cfd2-43ed-8446-f8824a51838b');



DROP TABLE IF EXISTS `craft_locales`;


--
-- Schema for table `craft_locales`
--
CREATE TABLE `craft_locales` (
  `locale` char(12) COLLATE utf8_unicode_ci NOT NULL,
  `sortOrder` smallint(6) unsigned DEFAULT NULL,
  `dateCreated` datetime NOT NULL,
  `dateUpdated` datetime NOT NULL,
  `uid` char(36) COLLATE utf8_unicode_ci NOT NULL DEFAULT '0',
  PRIMARY KEY (`locale`),
  KEY `craft_locales_sortOrder_idx` (`sortOrder`)
) ENGINE=InnoDB DEFAULT CHARSET=utf8 COLLATE=utf8_unicode_ci;

--
-- Data for table `craft_locales`
--

INSERT INTO `craft_locales` (`locale`, `sortOrder`, `dateCreated`, `dateUpdated`, `uid`) VALUES
 ('en_us', '1', '2017-04-17 17:21:37', '2017-04-17 17:21:37', '8221c988-2097-491f-a318-ee93de13f370');



DROP TABLE IF EXISTS `craft_matrixblocks`;


--
-- Schema for table `craft_matrixblocks`
--
CREATE TABLE `craft_matrixblocks` (
  `id` int(11) NOT NULL,
  `ownerId` int(11) NOT NULL,
  `fieldId` int(11) NOT NULL,
  `typeId` int(11) DEFAULT NULL,
  `sortOrder` smallint(6) unsigned DEFAULT NULL,
  `ownerLocale` char(12) COLLATE utf8_unicode_ci DEFAULT NULL,
  `dateCreated` datetime NOT NULL,
  `dateUpdated` datetime NOT NULL,
  `uid` char(36) COLLATE utf8_unicode_ci NOT NULL DEFAULT '0',
  PRIMARY KEY (`id`),
  KEY `craft_matrixblocks_ownerId_idx` (`ownerId`),
  KEY `craft_matrixblocks_fieldId_idx` (`fieldId`),
  KEY `craft_matrixblocks_typeId_idx` (`typeId`),
  KEY `craft_matrixblocks_sortOrder_idx` (`sortOrder`),
  KEY `craft_matrixblocks_ownerLocale_fk` (`ownerLocale`)
) ENGINE=InnoDB DEFAULT CHARSET=utf8 COLLATE=utf8_unicode_ci;

--
-- Data for table `craft_matrixblocks`
--

INSERT INTO `craft_matrixblocks` (`id`, `ownerId`, `fieldId`, `typeId`, `sortOrder`, `ownerLocale`, `dateCreated`, `dateUpdated`, `uid`) VALUES
 ('5', '4', '6', '1', '1', NULL, '2017-05-21 04:50:34', '2017-05-21 04:51:14', 'e62c6ddc-7845-4008-940b-78967c8a536a'),
 ('6', '4', '6', '1', '2', NULL, '2017-05-21 04:50:34', '2017-05-21 04:51:14', '6afc593b-1229-47a2-aef8-645aa835aeab'),
 ('7', '4', '6', '1', '3', NULL, '2017-05-21 04:50:34', '2017-05-21 04:51:14', 'a2b3eabc-df1b-4e9a-9f57-a23f55567cb5'),
 ('8', '4', '6', '1', '4', NULL, '2017-05-21 04:50:34', '2017-05-21 04:51:14', 'a9ea74c5-c4ab-45cd-b968-2931e9fc4033'),
 ('9', '4', '6', '1', '5', NULL, '2017-05-21 04:50:34', '2017-05-21 04:51:14', '62f6d3db-4013-40b9-9da8-e128254fb03e'),
 ('11', '10', '8', '2', '1', NULL, '2017-05-21 05:15:48', '2017-05-21 05:15:48', '106503ca-562b-4532-8dac-ae05ec30ecab'),
 ('12', '10', '8', '2', '2', NULL, '2017-05-21 05:15:48', '2017-05-21 05:15:48', 'cb6c7f9f-e736-4a97-8d0e-7a08de444267'),
 ('13', '10', '8', '2', '3', NULL, '2017-05-21 05:15:48', '2017-05-21 05:15:48', '5a9e4925-fddf-4f34-952a-c092dc02e3d5');



DROP TABLE IF EXISTS `craft_matrixblocktypes`;


--
-- Schema for table `craft_matrixblocktypes`
--
CREATE TABLE `craft_matrixblocktypes` (
  `id` int(11) NOT NULL AUTO_INCREMENT,
  `fieldId` int(11) NOT NULL,
  `fieldLayoutId` int(11) DEFAULT NULL,
  `name` varchar(255) COLLATE utf8_unicode_ci NOT NULL,
  `handle` varchar(255) COLLATE utf8_unicode_ci NOT NULL,
  `sortOrder` smallint(6) unsigned DEFAULT NULL,
  `dateCreated` datetime NOT NULL,
  `dateUpdated` datetime NOT NULL,
  `uid` char(36) COLLATE utf8_unicode_ci NOT NULL DEFAULT '0',
  PRIMARY KEY (`id`),
  UNIQUE KEY `craft_matrixblocktypes_name_fieldId_unq_idx` (`name`,`fieldId`),
  UNIQUE KEY `craft_matrixblocktypes_handle_fieldId_unq_idx` (`handle`,`fieldId`),
  KEY `craft_matrixblocktypes_fieldId_fk` (`fieldId`),
  KEY `craft_matrixblocktypes_fieldLayoutId_fk` (`fieldLayoutId`)
) ENGINE=InnoDB AUTO_INCREMENT=3 DEFAULT CHARSET=utf8 COLLATE=utf8_unicode_ci;

--
-- Data for table `craft_matrixblocktypes`
--

INSERT INTO `craft_matrixblocktypes` (`id`, `fieldId`, `fieldLayoutId`, `name`, `handle`, `sortOrder`, `dateCreated`, `dateUpdated`, `uid`) VALUES
 ('1', '6', '15', 'line', 'line', '1', '2017-05-21 04:48:03', '2017-05-21 04:49:04', '3b1b706d-1df9-412c-94b3-2c5ce3774170'),
 ('2', '8', '16', 'social channels', 'socialChannels', '1', '2017-05-21 05:14:08', '2017-05-21 05:14:08', '64d0129a-aeec-44d8-b7df-bfdaa8ecf762');



DROP TABLE IF EXISTS `craft_matrixcontent_commercial`;


--
-- Schema for table `craft_matrixcontent_commercial`
--
CREATE TABLE `craft_matrixcontent_commercial` (
  `id` int(11) NOT NULL AUTO_INCREMENT,
  `elementId` int(11) NOT NULL,
  `locale` char(12) COLLATE utf8_unicode_ci NOT NULL,
  `field_line_lineItem` text COLLATE utf8_unicode_ci,
  `dateCreated` datetime NOT NULL,
  `dateUpdated` datetime NOT NULL,
  `uid` char(36) COLLATE utf8_unicode_ci NOT NULL DEFAULT '0',
  PRIMARY KEY (`id`),
  UNIQUE KEY `craft_matrixcontent_commercial_elementId_locale_unq_idx` (`elementId`,`locale`),
  KEY `craft_matrixcontent_commercial_locale_fk` (`locale`)
) ENGINE=InnoDB AUTO_INCREMENT=6 DEFAULT CHARSET=utf8 COLLATE=utf8_unicode_ci;

--
-- Data for table `craft_matrixcontent_commercial`
--

INSERT INTO `craft_matrixcontent_commercial` (`id`, `elementId`, `locale`, `field_line_lineItem`, `dateCreated`, `dateUpdated`, `uid`) VALUES
 ('1', '5', 'en_us', 'The Cavalry Productions', '2017-05-21 04:50:34', '2017-05-21 04:51:14', 'a54bbb61-a78a-461f-b7d8-684ab9c6c486'),
 ('2', '6', 'en_us', 'Los Angeles', '2017-05-21 04:50:34', '2017-05-21 04:51:14', '1b536b31-39cf-4b23-bfb0-65c610e71a2e'),
 ('3', '7', 'en_us', '310.966.4440', '2017-05-21 04:50:34', '2017-05-21 04:51:14', 'ab34d8a5-f7b0-4c8b-9f60-b3688bea1ed4'),
 ('4', '8', 'en_us', 'Paris (EU)', '2017-05-21 04:50:34', '2017-05-21 04:51:14', 'e181bb85-58cc-4184-b09f-02af3f5aa53f'),
 ('5', '9', 'en_us', '33 (0)6 09 16 6517', '2017-05-21 04:50:34', '2017-05-21 04:51:14', '0651088b-48ca-446e-8d76-4a1e2f645946');



DROP TABLE IF EXISTS `craft_matrixcontent_social`;


--
-- Schema for table `craft_matrixcontent_social`
--
CREATE TABLE `craft_matrixcontent_social` (
  `id` int(11) NOT NULL AUTO_INCREMENT,
  `elementId` int(11) NOT NULL,
  `locale` char(12) COLLATE utf8_unicode_ci NOT NULL,
  `field_socialChannels_socialChannel` text COLLATE utf8_unicode_ci,
  `field_socialChannels_socialLink` text COLLATE utf8_unicode_ci,
  `dateCreated` datetime NOT NULL,
  `dateUpdated` datetime NOT NULL,
  `uid` char(36) COLLATE utf8_unicode_ci NOT NULL DEFAULT '0',
  PRIMARY KEY (`id`),
  UNIQUE KEY `craft_matrixcontent_social_elementId_locale_unq_idx` (`elementId`,`locale`),
  KEY `craft_matrixcontent_social_locale_fk` (`locale`)
) ENGINE=InnoDB AUTO_INCREMENT=4 DEFAULT CHARSET=utf8 COLLATE=utf8_unicode_ci;

--
-- Data for table `craft_matrixcontent_social`
--

INSERT INTO `craft_matrixcontent_social` (`id`, `elementId`, `locale`, `field_socialChannels_socialChannel`, `field_socialChannels_socialLink`, `dateCreated`, `dateUpdated`, `uid`) VALUES
 ('1', '11', 'en_us', 'twitter', '#', '2017-05-21 05:15:48', '2017-05-21 05:15:48', '9a979766-cc1d-4623-8a8f-8721d52e32aa'),
 ('2', '12', 'en_us', 'instagram', '#', '2017-05-21 05:15:48', '2017-05-21 05:15:48', '4b8a9d20-8c1c-402e-ae3d-9c5160311649'),
 ('3', '13', 'en_us', 'vimeo', '#', '2017-05-21 05:15:48', '2017-05-21 05:15:48', '54ed7e85-3986-4aaa-a844-21803911bbea');



DROP TABLE IF EXISTS `craft_migrations`;


--
-- Schema for table `craft_migrations`
--
CREATE TABLE `craft_migrations` (
  `id` int(11) NOT NULL AUTO_INCREMENT,
  `pluginId` int(11) DEFAULT NULL,
  `version` varchar(255) COLLATE utf8_unicode_ci NOT NULL,
  `applyTime` datetime NOT NULL,
  `dateCreated` datetime NOT NULL,
  `dateUpdated` datetime NOT NULL,
  `uid` char(36) COLLATE utf8_unicode_ci NOT NULL DEFAULT '0',
  PRIMARY KEY (`id`),
  UNIQUE KEY `craft_migrations_version_unq_idx` (`version`),
  KEY `craft_migrations_pluginId_fk` (`pluginId`)
) ENGINE=InnoDB AUTO_INCREMENT=39 DEFAULT CHARSET=utf8 COLLATE=utf8_unicode_ci;

--
-- Data for table `craft_migrations`
--

INSERT INTO `craft_migrations` (`id`, `pluginId`, `version`, `applyTime`, `dateCreated`, `dateUpdated`, `uid`) VALUES
 ('1', NULL, 'm000000_000000_base', '2017-04-17 17:21:37', '2017-04-17 17:21:37', '2017-04-17 17:21:37', '82e183f6-e783-40a8-825f-dc220c781d94'),
 ('2', NULL, 'm140730_000001_add_filename_and_format_to_transformindex', '2017-04-17 17:21:37', '2017-04-17 17:21:37', '2017-04-17 17:21:37', 'f2befc1f-f831-4915-9ffd-094ec57c528c'),
 ('3', NULL, 'm140815_000001_add_format_to_transforms', '2017-04-17 17:21:37', '2017-04-17 17:21:37', '2017-04-17 17:21:37', '7bcbba31-7897-402a-a445-34efeedffa4f'),
 ('4', NULL, 'm140822_000001_allow_more_than_128_items_per_field', '2017-04-17 17:21:37', '2017-04-17 17:21:37', '2017-04-17 17:21:37', 'a0f60ed0-be08-4aed-aee1-6a656d01bb20'),
 ('5', NULL, 'm140829_000001_single_title_formats', '2017-04-17 17:21:37', '2017-04-17 17:21:37', '2017-04-17 17:21:37', 'abc4f482-f7ca-4e81-8dcc-281845029bf0'),
 ('6', NULL, 'm140831_000001_extended_cache_keys', '2017-04-17 17:21:37', '2017-04-17 17:21:37', '2017-04-17 17:21:37', '93744c24-f90a-4cb7-96f3-889e5fec21c3'),
 ('7', NULL, 'm140922_000001_delete_orphaned_matrix_blocks', '2017-04-17 17:21:37', '2017-04-17 17:21:37', '2017-04-17 17:21:37', '4f6b2748-294f-4ae6-b301-8329bf5f6e3c'),
 ('8', NULL, 'm141008_000001_elements_index_tune', '2017-04-17 17:21:37', '2017-04-17 17:21:37', '2017-04-17 17:21:37', '028cfcf6-b6f0-41a8-8d9e-79882c230ca1'),
 ('9', NULL, 'm141009_000001_assets_source_handle', '2017-04-17 17:21:37', '2017-04-17 17:21:37', '2017-04-17 17:21:37', 'b5579227-c74a-400e-983e-ccb8e7329767'),
 ('10', NULL, 'm141024_000001_field_layout_tabs', '2017-04-17 17:21:37', '2017-04-17 17:21:37', '2017-04-17 17:21:37', 'd2bd595b-d5b5-4df2-829c-fd683541c8e3'),
 ('11', NULL, 'm141030_000000_plugin_schema_versions', '2017-04-17 17:21:37', '2017-04-17 17:21:37', '2017-04-17 17:21:37', '89772be9-8622-45c9-b57f-082c601b9bab'),
 ('12', NULL, 'm141030_000001_drop_structure_move_permission', '2017-04-17 17:21:37', '2017-04-17 17:21:37', '2017-04-17 17:21:37', 'ff24b7e6-f0a7-451c-9b72-824ca7718ed4'),
 ('13', NULL, 'm141103_000001_tag_titles', '2017-04-17 17:21:37', '2017-04-17 17:21:37', '2017-04-17 17:21:37', '892c0cbf-baaa-45c9-8f57-cafdf9910291'),
 ('14', NULL, 'm141109_000001_user_status_shuffle', '2017-04-17 17:21:37', '2017-04-17 17:21:37', '2017-04-17 17:21:37', 'e6bc0ed9-17b2-4d67-943e-a656cb6f5059'),
 ('15', NULL, 'm141126_000001_user_week_start_day', '2017-04-17 17:21:37', '2017-04-17 17:21:37', '2017-04-17 17:21:37', '39cac6cc-72c9-45fe-a295-a7d350a3cab5'),
 ('16', NULL, 'm150210_000001_adjust_user_photo_size', '2017-04-17 17:21:37', '2017-04-17 17:21:37', '2017-04-17 17:21:37', '6bc4f515-b788-421c-89aa-550fe9df0adb'),
 ('17', NULL, 'm150724_000001_adjust_quality_settings', '2017-04-17 17:21:37', '2017-04-17 17:21:37', '2017-04-17 17:21:37', '54a2e279-7bf9-46d4-8e62-7bad71d63b42'),
 ('18', NULL, 'm150827_000000_element_index_settings', '2017-04-17 17:21:37', '2017-04-17 17:21:37', '2017-04-17 17:21:37', 'cafe5af1-4dd6-4893-984b-7678b42e363a'),
 ('19', NULL, 'm150918_000001_add_colspan_to_widgets', '2017-04-17 17:21:37', '2017-04-17 17:21:37', '2017-04-17 17:21:37', '55897ed2-cf4c-4041-98be-c6aba164a494'),
 ('20', NULL, 'm151007_000000_clear_asset_caches', '2017-04-17 17:21:37', '2017-04-17 17:21:37', '2017-04-17 17:21:37', '5d626f69-28b9-4f31-ad8b-628d2cfa695b'),
 ('21', NULL, 'm151109_000000_text_url_formats', '2017-04-17 17:21:37', '2017-04-17 17:21:37', '2017-04-17 17:21:37', 'add3193d-0b58-4d1f-bf94-cb5a07f445d0'),
 ('22', NULL, 'm151110_000000_move_logo', '2017-04-17 17:21:37', '2017-04-17 17:21:37', '2017-04-17 17:21:37', 'd69e4933-33e7-4784-b722-eb75e647d93e'),
 ('23', NULL, 'm151117_000000_adjust_image_widthheight', '2017-04-17 17:21:37', '2017-04-17 17:21:37', '2017-04-17 17:21:37', '3f5a4991-c128-4093-bd99-adbc5c5b6521'),
 ('24', NULL, 'm151127_000000_clear_license_key_status', '2017-04-17 17:21:37', '2017-04-17 17:21:37', '2017-04-17 17:21:37', '3cdcb0f6-6a18-4a0d-b02d-4e6ff57f92b0'),
 ('25', NULL, 'm151127_000000_plugin_license_keys', '2017-04-17 17:21:37', '2017-04-17 17:21:37', '2017-04-17 17:21:37', '07a180eb-d275-47a9-9202-bae9f9709790'),
 ('26', NULL, 'm151130_000000_update_pt_widget_feeds', '2017-04-17 17:21:37', '2017-04-17 17:21:37', '2017-04-17 17:21:37', 'fe012e4c-bfa0-4afd-a732-05240f1b311a'),
 ('27', NULL, 'm160114_000000_asset_sources_public_url_default_true', '2017-04-17 17:21:37', '2017-04-17 17:21:37', '2017-04-17 17:21:37', 'fce1764e-173a-4ed1-b72f-fbd5d85453b6'),
 ('28', NULL, 'm160223_000000_sortorder_to_smallint', '2017-04-17 17:21:37', '2017-04-17 17:21:37', '2017-04-17 17:21:37', '85b149a4-b810-4844-bb8b-37804e048466'),
 ('29', NULL, 'm160229_000000_set_default_entry_statuses', '2017-04-17 17:21:37', '2017-04-17 17:21:37', '2017-04-17 17:21:37', 'a8ac145e-dbfc-4881-a219-9e4a0ab91a6b'),
 ('30', NULL, 'm160304_000000_client_permissions', '2017-04-17 17:21:37', '2017-04-17 17:21:37', '2017-04-17 17:21:37', '41402754-0bd8-4c0c-a8ca-b982e671cb72'),
 ('31', NULL, 'm160322_000000_asset_filesize', '2017-04-17 17:21:37', '2017-04-17 17:21:37', '2017-04-17 17:21:37', '42dbb34e-0462-4806-9c9c-78c984133346'),
 ('32', NULL, 'm160503_000000_orphaned_fieldlayouts', '2017-04-17 17:21:37', '2017-04-17 17:21:37', '2017-04-17 17:21:37', '5b000e3d-2a97-4ab5-a0ca-f6eca3cd2c86'),
 ('33', NULL, 'm160510_000000_tasksettings', '2017-04-17 17:21:37', '2017-04-17 17:21:37', '2017-04-17 17:21:37', '477882f3-f5ca-4192-af4d-740daa8fad2a'),
 ('34', NULL, 'm160829_000000_pending_user_content_cleanup', '2017-04-17 17:21:37', '2017-04-17 17:21:37', '2017-04-17 17:21:37', 'f713d499-8efa-4703-91ef-418a93385938'),
 ('35', NULL, 'm160830_000000_asset_index_uri_increase', '2017-04-17 17:21:37', '2017-04-17 17:21:37', '2017-04-17 17:21:37', 'fd808b21-06ba-4d4c-b74a-846f1dc0c3fe'),
 ('36', NULL, 'm160919_000000_usergroup_handle_title_unique', '2017-04-17 17:21:37', '2017-04-17 17:21:37', '2017-04-17 17:21:37', 'd8cef866-5701-4bfc-8b80-bef298c44d5d'),
 ('37', NULL, 'm161108_000000_new_version_format', '2017-04-17 17:21:37', '2017-04-17 17:21:37', '2017-04-17 17:21:37', '854e2104-6f1b-49df-ba96-88bf556b195d'),
 ('38', NULL, 'm161109_000000_index_shuffle', '2017-04-17 17:21:37', '2017-04-17 17:21:37', '2017-04-17 17:21:37', '733029e8-e121-45be-85aa-7a6604ffeec6');



DROP TABLE IF EXISTS `craft_plugins`;


--
-- Schema for table `craft_plugins`
--
CREATE TABLE `craft_plugins` (
  `id` int(11) NOT NULL AUTO_INCREMENT,
  `class` varchar(150) COLLATE utf8_unicode_ci NOT NULL,
  `version` varchar(15) COLLATE utf8_unicode_ci NOT NULL,
  `schemaVersion` varchar(15) COLLATE utf8_unicode_ci DEFAULT NULL,
  `licenseKey` char(24) COLLATE utf8_unicode_ci DEFAULT NULL,
  `licenseKeyStatus` enum('valid','invalid','mismatched','unknown') COLLATE utf8_unicode_ci NOT NULL DEFAULT 'unknown',
  `enabled` tinyint(1) unsigned NOT NULL DEFAULT '0',
  `settings` text COLLATE utf8_unicode_ci,
  `installDate` datetime NOT NULL,
  `dateCreated` datetime NOT NULL,
  `dateUpdated` datetime NOT NULL,
  `uid` char(36) COLLATE utf8_unicode_ci NOT NULL DEFAULT '0',
  PRIMARY KEY (`id`)
) ENGINE=InnoDB DEFAULT CHARSET=utf8 COLLATE=utf8_unicode_ci;

DROP TABLE IF EXISTS `craft_rackspaceaccess`;


--
-- Schema for table `craft_rackspaceaccess`
--
CREATE TABLE `craft_rackspaceaccess` (
  `id` int(11) NOT NULL AUTO_INCREMENT,
  `connectionKey` varchar(255) COLLATE utf8_unicode_ci NOT NULL,
  `token` varchar(255) COLLATE utf8_unicode_ci NOT NULL,
  `storageUrl` varchar(255) COLLATE utf8_unicode_ci NOT NULL,
  `cdnUrl` varchar(255) COLLATE utf8_unicode_ci NOT NULL,
  `dateCreated` datetime NOT NULL,
  `dateUpdated` datetime NOT NULL,
  `uid` char(36) COLLATE utf8_unicode_ci NOT NULL DEFAULT '0',
  PRIMARY KEY (`id`),
  UNIQUE KEY `craft_rackspaceaccess_connectionKey_unq_idx` (`connectionKey`)
) ENGINE=InnoDB DEFAULT CHARSET=utf8 COLLATE=utf8_unicode_ci;

DROP TABLE IF EXISTS `craft_relations`;


--
-- Schema for table `craft_relations`
--
CREATE TABLE `craft_relations` (
  `id` int(11) NOT NULL AUTO_INCREMENT,
  `fieldId` int(11) NOT NULL,
  `sourceId` int(11) NOT NULL,
  `sourceLocale` char(12) COLLATE utf8_unicode_ci DEFAULT NULL,
  `targetId` int(11) NOT NULL,
  `sortOrder` smallint(6) DEFAULT NULL,
  `dateCreated` datetime NOT NULL,
  `dateUpdated` datetime NOT NULL,
  `uid` char(36) COLLATE utf8_unicode_ci NOT NULL DEFAULT '0',
  PRIMARY KEY (`id`),
  UNIQUE KEY `craft_relations_fieldId_sourceId_sourceLocale_targetId_unq_idx` (`fieldId`,`sourceId`,`sourceLocale`,`targetId`),
  KEY `craft_relations_sourceId_fk` (`sourceId`),
  KEY `craft_relations_sourceLocale_fk` (`sourceLocale`),
  KEY `craft_relations_targetId_fk` (`targetId`)
) ENGINE=InnoDB DEFAULT CHARSET=utf8 COLLATE=utf8_unicode_ci;

DROP TABLE IF EXISTS `craft_routes`;


--
-- Schema for table `craft_routes`
--
CREATE TABLE `craft_routes` (
  `id` int(11) NOT NULL AUTO_INCREMENT,
  `locale` char(12) COLLATE utf8_unicode_ci DEFAULT NULL,
  `urlParts` varchar(255) COLLATE utf8_unicode_ci NOT NULL,
  `urlPattern` varchar(255) COLLATE utf8_unicode_ci NOT NULL,
  `template` varchar(255) COLLATE utf8_unicode_ci NOT NULL,
  `sortOrder` smallint(6) unsigned DEFAULT NULL,
  `dateCreated` datetime NOT NULL,
  `dateUpdated` datetime NOT NULL,
  `uid` char(36) COLLATE utf8_unicode_ci NOT NULL DEFAULT '0',
  PRIMARY KEY (`id`),
  UNIQUE KEY `craft_routes_urlPattern_unq_idx` (`urlPattern`),
  KEY `craft_routes_locale_idx` (`locale`)
) ENGINE=InnoDB DEFAULT CHARSET=utf8 COLLATE=utf8_unicode_ci;

DROP TABLE IF EXISTS `craft_searchindex`;


--
-- Schema for table `craft_searchindex`
--
CREATE TABLE `craft_searchindex` (
  `elementId` int(11) NOT NULL,
  `attribute` varchar(25) COLLATE utf8_unicode_ci NOT NULL,
  `fieldId` int(11) NOT NULL,
  `locale` char(12) COLLATE utf8_unicode_ci NOT NULL,
  `keywords` text COLLATE utf8_unicode_ci NOT NULL,
  PRIMARY KEY (`elementId`,`attribute`,`fieldId`,`locale`),
  FULLTEXT KEY `craft_searchindex_keywords_idx` (`keywords`)
) ENGINE=MyISAM DEFAULT CHARSET=utf8 COLLATE=utf8_unicode_ci;

--
-- Data for table `craft_searchindex`
--

INSERT INTO `craft_searchindex` (`elementId`, `attribute`, `fieldId`, `locale`, `keywords`) VALUES
 ('1', 'username', '0', 'en_us', ' austen '),
 ('1', 'firstname', '0', 'en_us', ''),
 ('1', 'lastname', '0', 'en_us', ''),
 ('1', 'fullname', '0', 'en_us', ''),
 ('1', 'email', '0', 'en_us', ' austenezzell gmail com '),
 ('1', 'slug', '0', 'en_us', ''),
 ('2', 'slug', '0', 'en_us', ' homepage '),
 ('2', 'title', '0', 'en_us', ' work '),
 ('2', 'field', '1', 'en_us', ''),
 ('2', 'field', '3', 'en_us', ' director designer creative '),
 ('2', 'field', '4', 'en_us', ' shoot mag top 5 up and coming '),
 ('4', 'slug', '0', 'en_us', ''),
 ('4', 'field', '5', 'en_us', ' travishanour gmail com '),
 ('4', 'field', '6', 'en_us', ' the cavalry productions los angeles 310 966 4440 paris eu 33 0 6 09 16 6517 '),
 ('3', 'field', '1', 'en_us', ' craft is the cms that s powering localhost it s beautiful powerful flexible and easy to use and it s made by pixel tonic we can t wait to dive in and see what it s capable of this is even more captivating content which you couldn t see on the news index page because it was entered after a page break and the news index template only likes to show the content on the first page craft a nice alternative to word if you re making a website '),
 ('3', 'field', '2', 'en_us', ''),
 ('3', 'slug', '0', 'en_us', ' we just installed craft '),
 ('3', 'title', '0', 'en_us', ' we just installed craft '),
 ('5', 'field', '7', 'en_us', ' the cavalry productions '),
 ('5', 'slug', '0', 'en_us', ''),
 ('6', 'field', '7', 'en_us', ' los angeles '),
 ('6', 'slug', '0', 'en_us', ''),
 ('7', 'field', '7', 'en_us', ' 310 966 4440 '),
 ('7', 'slug', '0', 'en_us', ''),
 ('8', 'field', '7', 'en_us', ' paris eu '),
 ('8', 'slug', '0', 'en_us', ''),
 ('9', 'field', '7', 'en_us', ' 33 0 6 09 16 6517 '),
 ('9', 'slug', '0', 'en_us', ''),
 ('10', 'field', '8', 'en_us', ' twitter instagram vimeo '),
 ('10', 'slug', '0', 'en_us', ''),
 ('11', 'field', '9', 'en_us', ' twitter '),
 ('11', 'field', '10', 'en_us', ''),
 ('11', 'slug', '0', 'en_us', ''),
 ('12', 'field', '9', 'en_us', ' instagram '),
 ('12', 'field', '10', 'en_us', ''),
 ('12', 'slug', '0', 'en_us', ''),
 ('13', 'field', '9', 'en_us', ' vimeo '),
 ('13', 'field', '10', 'en_us', ''),
 ('13', 'slug', '0', 'en_us', ''),
 ('14', 'slug', '0', 'en_us', ' example '),
 ('14', 'title', '0', 'en_us', ' example '),
 ('15', 'slug', '0', 'en_us', ' example 2 '),
 ('15', 'title', '0', 'en_us', ' eexample 2 '),
 ('14', 'field', '11', 'en_us', ' samsung '),
 ('14', 'field', '14', 'en_us', ' commercial '),
 ('14', 'field', '12', 'en_us', ' lorem ipsum dolor sit amet consectetuer adipiscing elit sed diam esse molestie consequat vel '),
 ('14', 'field', '13', 'en_us', ' https player vimeo com external 181694434 hd mp4 s=6621fb732ddaf96e4ca1ee31d3c0f794fcfe8d9b profile_id=119 '),
 ('15', 'field', '11', 'en_us', ' client name '),
 ('15', 'field', '14', 'en_us', ' commercial '),
 ('15', 'field', '12', 'en_us', ' lorem ipsum dolor sit amet consectetur adipisicing elit incidunt cupiditate numquam repellat totam harum odio minus minima blanditiis cum quasi '),
 ('15', 'field', '13', 'en_us', ' https player vimeo com external 165058959 hd mp4 s=24e1498aa5dc1c9f5016162096c8dbc6a033ff1c profile_id=174 ');



DROP TABLE IF EXISTS `craft_sections`;


--
-- Schema for table `craft_sections`
--
CREATE TABLE `craft_sections` (
  `id` int(11) NOT NULL AUTO_INCREMENT,
  `structureId` int(11) DEFAULT NULL,
  `name` varchar(255) COLLATE utf8_unicode_ci NOT NULL,
  `handle` varchar(255) COLLATE utf8_unicode_ci NOT NULL,
  `type` enum('single','channel','structure') COLLATE utf8_unicode_ci NOT NULL DEFAULT 'channel',
  `hasUrls` tinyint(1) unsigned NOT NULL DEFAULT '1',
  `template` varchar(500) COLLATE utf8_unicode_ci DEFAULT NULL,
  `enableVersioning` tinyint(1) unsigned NOT NULL DEFAULT '0',
  `dateCreated` datetime NOT NULL,
  `dateUpdated` datetime NOT NULL,
  `uid` char(36) COLLATE utf8_unicode_ci NOT NULL DEFAULT '0',
  PRIMARY KEY (`id`),
  UNIQUE KEY `craft_sections_name_unq_idx` (`name`),
  UNIQUE KEY `craft_sections_handle_unq_idx` (`handle`),
  KEY `craft_sections_structureId_fk` (`structureId`)
) ENGINE=InnoDB AUTO_INCREMENT=4 DEFAULT CHARSET=utf8 COLLATE=utf8_unicode_ci;

--
-- Data for table `craft_sections`
--

INSERT INTO `craft_sections` (`id`, `structureId`, `name`, `handle`, `type`, `hasUrls`, `template`, `enableVersioning`, `dateCreated`, `dateUpdated`, `uid`) VALUES
 ('1', NULL, 'Homepage', 'homepage', 'single', '1', 'index', '1', '2017-04-17 17:21:41', '2017-04-17 17:21:41', '31638004-c383-4f24-ae4f-f61270fdb8db'),
 ('2', NULL, 'News', 'news', 'channel', '1', 'news/_entry', '1', '2017-04-17 17:21:41', '2017-04-17 17:21:41', 'bdb7bca7-961b-4b9a-a54b-8d0f2c8cb489'),
 ('3', NULL, 'work', 'work', 'channel', '1', 'work/_entry', '1', '2017-05-22 02:45:29', '2017-05-22 02:45:29', '174ccf75-ff6b-4b00-a35f-bf951aaa3742');



DROP TABLE IF EXISTS `craft_sections_i18n`;


--
-- Schema for table `craft_sections_i18n`
--
CREATE TABLE `craft_sections_i18n` (
  `id` int(11) NOT NULL AUTO_INCREMENT,
  `sectionId` int(11) NOT NULL,
  `locale` char(12) COLLATE utf8_unicode_ci NOT NULL,
  `enabledByDefault` tinyint(1) unsigned NOT NULL DEFAULT '1',
  `urlFormat` text COLLATE utf8_unicode_ci,
  `nestedUrlFormat` text COLLATE utf8_unicode_ci,
  `dateCreated` datetime NOT NULL,
  `dateUpdated` datetime NOT NULL,
  `uid` char(36) COLLATE utf8_unicode_ci NOT NULL DEFAULT '0',
  PRIMARY KEY (`id`),
  UNIQUE KEY `craft_sections_i18n_sectionId_locale_unq_idx` (`sectionId`,`locale`),
  KEY `craft_sections_i18n_locale_fk` (`locale`)
) ENGINE=InnoDB AUTO_INCREMENT=4 DEFAULT CHARSET=utf8 COLLATE=utf8_unicode_ci;

--
-- Data for table `craft_sections_i18n`
--

INSERT INTO `craft_sections_i18n` (`id`, `sectionId`, `locale`, `enabledByDefault`, `urlFormat`, `nestedUrlFormat`, `dateCreated`, `dateUpdated`, `uid`) VALUES
 ('1', '1', 'en_us', '1', '__home__', NULL, '2017-04-17 17:21:41', '2017-04-17 17:21:41', '5d5a46bb-b8dc-4f97-b351-eeff84272d01'),
 ('2', '2', 'en_us', '1', 'news/{postDate.year}/{slug}', NULL, '2017-04-17 17:21:41', '2017-04-17 17:21:41', 'bb49736e-e9f8-4281-96ac-db6287ab6947'),
 ('3', '3', 'en_us', '1', 'work/{slug}', NULL, '2017-05-22 02:45:29', '2017-05-22 02:45:29', 'cfe76130-2fe6-447d-8189-e143520868dc');



DROP TABLE IF EXISTS `craft_sessions`;


--
-- Schema for table `craft_sessions`
--
CREATE TABLE `craft_sessions` (
  `id` int(11) NOT NULL AUTO_INCREMENT,
  `userId` int(11) NOT NULL,
  `token` char(100) COLLATE utf8_unicode_ci NOT NULL,
  `dateCreated` datetime NOT NULL,
  `dateUpdated` datetime NOT NULL,
  `uid` char(36) COLLATE utf8_unicode_ci NOT NULL DEFAULT '0',
  PRIMARY KEY (`id`),
  KEY `craft_sessions_uid_idx` (`uid`),
  KEY `craft_sessions_token_idx` (`token`),
  KEY `craft_sessions_dateUpdated_idx` (`dateUpdated`),
  KEY `craft_sessions_userId_fk` (`userId`)
) ENGINE=InnoDB AUTO_INCREMENT=8 DEFAULT CHARSET=utf8 COLLATE=utf8_unicode_ci;

--
-- Data for table `craft_sessions`
--

INSERT INTO `craft_sessions` (`id`, `userId`, `token`, `dateCreated`, `dateUpdated`, `uid`) VALUES
 ('1', '1', 'a4a52174dcdbf6808bd6a7a6cd8c8fe63dfe0861czozMjoiZ0tVTGNIVTI4X2xtRTJNTlRhRzF2b3YzYnQ0S2I1MFYiOw==', '2017-04-17 17:21:41', '2017-04-17 17:21:41', '4399886d-0f99-4155-8921-dcbb1af4690e'),
 ('2', '1', '32747857f95b46792fca8d3c1cf979eadfd6e372czozMjoiQ3A0c01hcUltb19YTnlfSmdacjMxN3ZSWG92OFJkajkiOw==', '2017-04-17 18:11:18', '2017-04-17 18:11:18', '86b78387-8967-4b63-ac57-3a9c94d59e26'),
 ('3', '1', '48283786506d6415acb34b7fe480e695962fde84czozMjoiRlJtb1JhZGFGYWtLeFBZU281ekVYZ1Z1TjQ0S0VsRWwiOw==', '2017-04-17 18:11:28', '2017-04-17 18:11:28', '1836cf0d-7c48-45e4-aaed-82b9b77a622b'),
 ('4', '1', 'c38b56580581129ceac90daa5479806bb5418f06czozMjoiVnZVeklxVHBZYU9aZ35pQ2dPbkhVcUJGUHVDZXI3V0MiOw==', '2017-04-17 18:11:52', '2017-04-17 18:11:52', '534006ac-7526-45ea-8009-5eba632e9c9b'),
 ('5', '1', 'ff5b1e52b3c9c591793da410400fe047898b1f7eczozMjoidXF0QmJISXBvVFZKakZPQjRsbXd4WUNXaXQ1Qk02TlQiOw==', '2017-05-08 21:18:34', '2017-05-08 21:18:34', '38206274-841b-4ca3-9e99-dbb3e8152c7c'),
 ('6', '1', '600d21a54df7c226068fabd5bab06275d3e24bf8czozMjoibVlQZ1JGZGxiTVpxSnJxZUxwTjdYTGozdDBRM1hvT3IiOw==', '2017-05-08 21:18:56', '2017-05-08 21:18:56', '509b2366-b9fe-4cd6-a9f0-f712febc7d59'),
 ('7', '1', '5c958408bd7fe994e42ec65435289a03409f78fcczozMjoiREExVEh2b2Y5RDVzM05Hd3JLWWpYfmFRaGxyaWZ3dUIiOw==', '2017-05-21 04:23:07', '2017-05-21 04:23:07', '370e76d9-6d57-4c19-8b94-9d1e00f269c1');



DROP TABLE IF EXISTS `craft_shunnedmessages`;


--
-- Schema for table `craft_shunnedmessages`
--
CREATE TABLE `craft_shunnedmessages` (
  `id` int(11) NOT NULL AUTO_INCREMENT,
  `userId` int(11) NOT NULL,
  `message` varchar(255) COLLATE utf8_unicode_ci NOT NULL,
  `expiryDate` datetime DEFAULT NULL,
  `dateCreated` datetime NOT NULL,
  `dateUpdated` datetime NOT NULL,
  `uid` char(36) COLLATE utf8_unicode_ci NOT NULL DEFAULT '0',
  PRIMARY KEY (`id`),
  UNIQUE KEY `craft_shunnedmessages_userId_message_unq_idx` (`userId`,`message`)
) ENGINE=InnoDB DEFAULT CHARSET=utf8 COLLATE=utf8_unicode_ci;

DROP TABLE IF EXISTS `craft_structureelements`;


--
-- Schema for table `craft_structureelements`
--
CREATE TABLE `craft_structureelements` (
  `id` int(11) NOT NULL AUTO_INCREMENT,
  `structureId` int(11) NOT NULL,
  `elementId` int(11) DEFAULT NULL,
  `root` int(11) unsigned DEFAULT NULL,
  `lft` int(11) unsigned NOT NULL,
  `rgt` int(11) unsigned NOT NULL,
  `level` smallint(6) unsigned NOT NULL,
  `dateCreated` datetime NOT NULL,
  `dateUpdated` datetime NOT NULL,
  `uid` char(36) COLLATE utf8_unicode_ci NOT NULL DEFAULT '0',
  PRIMARY KEY (`id`),
  UNIQUE KEY `craft_structureelements_structureId_elementId_unq_idx` (`structureId`,`elementId`),
  KEY `craft_structureelements_root_idx` (`root`),
  KEY `craft_structureelements_lft_idx` (`lft`),
  KEY `craft_structureelements_rgt_idx` (`rgt`),
  KEY `craft_structureelements_level_idx` (`level`),
  KEY `craft_structureelements_elementId_fk` (`elementId`)
) ENGINE=InnoDB DEFAULT CHARSET=utf8 COLLATE=utf8_unicode_ci;

DROP TABLE IF EXISTS `craft_structures`;


--
-- Schema for table `craft_structures`
--
CREATE TABLE `craft_structures` (
  `id` int(11) NOT NULL AUTO_INCREMENT,
  `maxLevels` smallint(6) unsigned DEFAULT NULL,
  `dateCreated` datetime NOT NULL,
  `dateUpdated` datetime NOT NULL,
  `uid` char(36) COLLATE utf8_unicode_ci NOT NULL DEFAULT '0',
  PRIMARY KEY (`id`)
) ENGINE=InnoDB DEFAULT CHARSET=utf8 COLLATE=utf8_unicode_ci;

DROP TABLE IF EXISTS `craft_systemsettings`;


--
-- Schema for table `craft_systemsettings`
--
CREATE TABLE `craft_systemsettings` (
  `id` int(11) NOT NULL AUTO_INCREMENT,
  `category` varchar(15) COLLATE utf8_unicode_ci NOT NULL,
  `settings` text COLLATE utf8_unicode_ci,
  `dateCreated` datetime NOT NULL,
  `dateUpdated` datetime NOT NULL,
  `uid` char(36) COLLATE utf8_unicode_ci NOT NULL DEFAULT '0',
  PRIMARY KEY (`id`),
  UNIQUE KEY `craft_systemsettings_category_unq_idx` (`category`)
) ENGINE=InnoDB AUTO_INCREMENT=2 DEFAULT CHARSET=utf8 COLLATE=utf8_unicode_ci;

--
-- Data for table `craft_systemsettings`
--

INSERT INTO `craft_systemsettings` (`id`, `category`, `settings`, `dateCreated`, `dateUpdated`, `uid`) VALUES
 ('1', 'email', '{\"protocol\":\"php\",\"emailAddress\":\"austenezzell@gmail.com\",\"senderName\":\"Travis Hanour\"}', '2017-04-17 17:21:41', '2017-04-17 17:21:41', '8160a9db-28b2-439d-ba25-656de3803bf5');



DROP TABLE IF EXISTS `craft_taggroups`;


--
-- Schema for table `craft_taggroups`
--
CREATE TABLE `craft_taggroups` (
  `id` int(11) NOT NULL AUTO_INCREMENT,
  `name` varchar(255) COLLATE utf8_unicode_ci NOT NULL,
  `handle` varchar(255) COLLATE utf8_unicode_ci NOT NULL,
  `fieldLayoutId` int(10) DEFAULT NULL,
  `dateCreated` datetime NOT NULL,
  `dateUpdated` datetime NOT NULL,
  `uid` char(36) COLLATE utf8_unicode_ci NOT NULL DEFAULT '0',
  PRIMARY KEY (`id`),
  UNIQUE KEY `craft_taggroups_name_unq_idx` (`name`),
  UNIQUE KEY `craft_taggroups_handle_unq_idx` (`handle`),
  KEY `craft_taggroups_fieldLayoutId_fk` (`fieldLayoutId`)
) ENGINE=InnoDB AUTO_INCREMENT=2 DEFAULT CHARSET=utf8 COLLATE=utf8_unicode_ci;

--
-- Data for table `craft_taggroups`
--

INSERT INTO `craft_taggroups` (`id`, `name`, `handle`, `fieldLayoutId`, `dateCreated`, `dateUpdated`, `uid`) VALUES
 ('1', 'Default', 'default', '1', '2017-04-17 17:21:41', '2017-04-17 17:21:41', '08fb8b13-16b1-408d-b66d-06471024c18e');



DROP TABLE IF EXISTS `craft_tags`;


--
-- Schema for table `craft_tags`
--
CREATE TABLE `craft_tags` (
  `id` int(11) NOT NULL,
  `groupId` int(11) NOT NULL,
  `dateCreated` datetime NOT NULL,
  `dateUpdated` datetime NOT NULL,
  `uid` char(36) COLLATE utf8_unicode_ci NOT NULL DEFAULT '0',
  PRIMARY KEY (`id`),
  KEY `craft_tags_groupId_fk` (`groupId`)
) ENGINE=InnoDB DEFAULT CHARSET=utf8 COLLATE=utf8_unicode_ci;

DROP TABLE IF EXISTS `craft_tasks`;


--
-- Schema for table `craft_tasks`
--
CREATE TABLE `craft_tasks` (
  `id` int(11) NOT NULL AUTO_INCREMENT,
  `root` int(11) unsigned DEFAULT NULL,
  `lft` int(11) unsigned NOT NULL,
  `rgt` int(11) unsigned NOT NULL,
  `level` smallint(6) unsigned NOT NULL,
  `currentStep` int(11) unsigned DEFAULT NULL,
  `totalSteps` int(11) unsigned DEFAULT NULL,
  `status` enum('pending','error','running') COLLATE utf8_unicode_ci DEFAULT NULL,
  `type` varchar(150) COLLATE utf8_unicode_ci NOT NULL,
  `description` varchar(255) COLLATE utf8_unicode_ci DEFAULT NULL,
  `settings` mediumtext COLLATE utf8_unicode_ci,
  `dateCreated` datetime NOT NULL,
  `dateUpdated` datetime NOT NULL,
  `uid` char(36) COLLATE utf8_unicode_ci NOT NULL DEFAULT '0',
  PRIMARY KEY (`id`),
  KEY `craft_tasks_root_idx` (`root`),
  KEY `craft_tasks_lft_idx` (`lft`),
  KEY `craft_tasks_rgt_idx` (`rgt`),
  KEY `craft_tasks_level_idx` (`level`)
) ENGINE=InnoDB AUTO_INCREMENT=20 DEFAULT CHARSET=utf8 COLLATE=utf8_unicode_ci;

DROP TABLE IF EXISTS `craft_templatecachecriteria`;


--
-- Schema for table `craft_templatecachecriteria`
--
CREATE TABLE `craft_templatecachecriteria` (
  `id` int(11) NOT NULL AUTO_INCREMENT,
  `cacheId` int(11) NOT NULL,
  `type` varchar(150) COLLATE utf8_unicode_ci NOT NULL,
  `criteria` text COLLATE utf8_unicode_ci NOT NULL,
  PRIMARY KEY (`id`),
  KEY `craft_templatecachecriteria_cacheId_fk` (`cacheId`),
  KEY `craft_templatecachecriteria_type_idx` (`type`)
) ENGINE=InnoDB DEFAULT CHARSET=utf8 COLLATE=utf8_unicode_ci;

DROP TABLE IF EXISTS `craft_templatecacheelements`;


--
-- Schema for table `craft_templatecacheelements`
--
CREATE TABLE `craft_templatecacheelements` (
  `cacheId` int(11) NOT NULL,
  `elementId` int(11) NOT NULL,
  KEY `craft_templatecacheelements_cacheId_fk` (`cacheId`),
  KEY `craft_templatecacheelements_elementId_fk` (`elementId`)
) ENGINE=InnoDB DEFAULT CHARSET=utf8 COLLATE=utf8_unicode_ci;

DROP TABLE IF EXISTS `craft_templatecaches`;


--
-- Schema for table `craft_templatecaches`
--
CREATE TABLE `craft_templatecaches` (
  `id` int(11) NOT NULL AUTO_INCREMENT,
  `cacheKey` varchar(255) COLLATE utf8_unicode_ci NOT NULL,
  `locale` char(12) COLLATE utf8_unicode_ci NOT NULL,
  `path` varchar(255) COLLATE utf8_unicode_ci DEFAULT NULL,
  `expiryDate` datetime NOT NULL,
  `body` mediumtext COLLATE utf8_unicode_ci NOT NULL,
  PRIMARY KEY (`id`),
  KEY `craft_templatecaches_expiryDate_cacheKey_locale_path_idx` (`expiryDate`,`cacheKey`,`locale`,`path`),
  KEY `craft_templatecaches_locale_fk` (`locale`)
) ENGINE=InnoDB DEFAULT CHARSET=utf8 COLLATE=utf8_unicode_ci;

DROP TABLE IF EXISTS `craft_tokens`;


--
-- Schema for table `craft_tokens`
--
CREATE TABLE `craft_tokens` (
  `id` int(11) NOT NULL AUTO_INCREMENT,
  `token` char(32) COLLATE utf8_unicode_ci NOT NULL,
  `route` text COLLATE utf8_unicode_ci,
  `usageLimit` tinyint(3) unsigned DEFAULT NULL,
  `usageCount` tinyint(3) unsigned DEFAULT NULL,
  `expiryDate` datetime NOT NULL,
  `dateCreated` datetime NOT NULL,
  `dateUpdated` datetime NOT NULL,
  `uid` char(36) COLLATE utf8_unicode_ci NOT NULL DEFAULT '0',
  PRIMARY KEY (`id`),
  UNIQUE KEY `craft_tokens_token_unq_idx` (`token`),
  KEY `craft_tokens_expiryDate_idx` (`expiryDate`)
) ENGINE=InnoDB DEFAULT CHARSET=utf8 COLLATE=utf8_unicode_ci;

DROP TABLE IF EXISTS `craft_usergroups`;


--
-- Schema for table `craft_usergroups`
--
CREATE TABLE `craft_usergroups` (
  `id` int(11) NOT NULL AUTO_INCREMENT,
  `name` varchar(255) COLLATE utf8_unicode_ci NOT NULL,
  `handle` varchar(255) COLLATE utf8_unicode_ci NOT NULL,
  `dateCreated` datetime NOT NULL,
  `dateUpdated` datetime NOT NULL,
  `uid` char(36) COLLATE utf8_unicode_ci NOT NULL DEFAULT '0',
  PRIMARY KEY (`id`),
  UNIQUE KEY `craft_usergroups_name_unq_idx` (`name`),
  UNIQUE KEY `craft_usergroups_handle_unq_idx` (`handle`)
) ENGINE=InnoDB DEFAULT CHARSET=utf8 COLLATE=utf8_unicode_ci;

DROP TABLE IF EXISTS `craft_usergroups_users`;


--
-- Schema for table `craft_usergroups_users`
--
CREATE TABLE `craft_usergroups_users` (
  `id` int(11) NOT NULL AUTO_INCREMENT,
  `groupId` int(11) NOT NULL,
  `userId` int(11) NOT NULL,
  `dateCreated` datetime NOT NULL,
  `dateUpdated` datetime NOT NULL,
  `uid` char(36) COLLATE utf8_unicode_ci NOT NULL DEFAULT '0',
  PRIMARY KEY (`id`),
  UNIQUE KEY `craft_usergroups_users_groupId_userId_unq_idx` (`groupId`,`userId`),
  KEY `craft_usergroups_users_userId_fk` (`userId`)
) ENGINE=InnoDB DEFAULT CHARSET=utf8 COLLATE=utf8_unicode_ci;

DROP TABLE IF EXISTS `craft_userpermissions`;


--
-- Schema for table `craft_userpermissions`
--
CREATE TABLE `craft_userpermissions` (
  `id` int(11) NOT NULL AUTO_INCREMENT,
  `name` varchar(255) COLLATE utf8_unicode_ci NOT NULL,
  `dateCreated` datetime NOT NULL,
  `dateUpdated` datetime NOT NULL,
  `uid` char(36) COLLATE utf8_unicode_ci NOT NULL DEFAULT '0',
  PRIMARY KEY (`id`),
  UNIQUE KEY `craft_userpermissions_name_unq_idx` (`name`)
) ENGINE=InnoDB DEFAULT CHARSET=utf8 COLLATE=utf8_unicode_ci;

DROP TABLE IF EXISTS `craft_userpermissions_usergroups`;


--
-- Schema for table `craft_userpermissions_usergroups`
--
CREATE TABLE `craft_userpermissions_usergroups` (
  `id` int(11) NOT NULL AUTO_INCREMENT,
  `permissionId` int(11) NOT NULL,
  `groupId` int(11) NOT NULL,
  `dateCreated` datetime NOT NULL,
  `dateUpdated` datetime NOT NULL,
  `uid` char(36) COLLATE utf8_unicode_ci NOT NULL DEFAULT '0',
  PRIMARY KEY (`id`),
  UNIQUE KEY `craft_userpermissions_usergroups_permissionId_groupId_unq_idx` (`permissionId`,`groupId`),
  KEY `craft_userpermissions_usergroups_groupId_fk` (`groupId`)
) ENGINE=InnoDB DEFAULT CHARSET=utf8 COLLATE=utf8_unicode_ci;

DROP TABLE IF EXISTS `craft_userpermissions_users`;


--
-- Schema for table `craft_userpermissions_users`
--
CREATE TABLE `craft_userpermissions_users` (
  `id` int(11) NOT NULL AUTO_INCREMENT,
  `permissionId` int(11) NOT NULL,
  `userId` int(11) NOT NULL,
  `dateCreated` datetime NOT NULL,
  `dateUpdated` datetime NOT NULL,
  `uid` char(36) COLLATE utf8_unicode_ci NOT NULL DEFAULT '0',
  PRIMARY KEY (`id`),
  UNIQUE KEY `craft_userpermissions_users_permissionId_userId_unq_idx` (`permissionId`,`userId`),
  KEY `craft_userpermissions_users_userId_fk` (`userId`)
) ENGINE=InnoDB DEFAULT CHARSET=utf8 COLLATE=utf8_unicode_ci;

DROP TABLE IF EXISTS `craft_users`;


--
-- Schema for table `craft_users`
--
CREATE TABLE `craft_users` (
  `id` int(11) NOT NULL,
  `username` varchar(100) COLLATE utf8_unicode_ci NOT NULL,
  `photo` varchar(100) COLLATE utf8_unicode_ci DEFAULT NULL,
  `firstName` varchar(100) COLLATE utf8_unicode_ci DEFAULT NULL,
  `lastName` varchar(100) COLLATE utf8_unicode_ci DEFAULT NULL,
  `email` varchar(255) COLLATE utf8_unicode_ci NOT NULL,
  `password` char(255) COLLATE utf8_unicode_ci DEFAULT NULL,
  `preferredLocale` char(12) COLLATE utf8_unicode_ci DEFAULT NULL,
  `weekStartDay` tinyint(1) unsigned NOT NULL DEFAULT '0',
  `admin` tinyint(1) unsigned NOT NULL DEFAULT '0',
  `client` tinyint(1) unsigned NOT NULL DEFAULT '0',
  `locked` tinyint(1) unsigned NOT NULL DEFAULT '0',
  `suspended` tinyint(1) unsigned NOT NULL DEFAULT '0',
  `pending` tinyint(1) unsigned NOT NULL DEFAULT '0',
  `archived` tinyint(1) unsigned NOT NULL DEFAULT '0',
  `lastLoginDate` datetime DEFAULT NULL,
  `lastLoginAttemptIPAddress` varchar(45) COLLATE utf8_unicode_ci DEFAULT NULL,
  `invalidLoginWindowStart` datetime DEFAULT NULL,
  `invalidLoginCount` tinyint(4) unsigned DEFAULT NULL,
  `lastInvalidLoginDate` datetime DEFAULT NULL,
  `lockoutDate` datetime DEFAULT NULL,
  `verificationCode` char(100) COLLATE utf8_unicode_ci DEFAULT NULL,
  `verificationCodeIssuedDate` datetime DEFAULT NULL,
  `unverifiedEmail` varchar(255) COLLATE utf8_unicode_ci DEFAULT NULL,
  `passwordResetRequired` tinyint(1) unsigned NOT NULL DEFAULT '0',
  `lastPasswordChangeDate` datetime DEFAULT NULL,
  `dateCreated` datetime NOT NULL,
  `dateUpdated` datetime NOT NULL,
  `uid` char(36) COLLATE utf8_unicode_ci NOT NULL DEFAULT '0',
  PRIMARY KEY (`id`),
  UNIQUE KEY `craft_users_username_unq_idx` (`username`),
  UNIQUE KEY `craft_users_email_unq_idx` (`email`),
  KEY `craft_users_verificationCode_idx` (`verificationCode`),
  KEY `craft_users_uid_idx` (`uid`),
  KEY `craft_users_preferredLocale_fk` (`preferredLocale`)
) ENGINE=InnoDB DEFAULT CHARSET=utf8 COLLATE=utf8_unicode_ci;

--
-- Data for table `craft_users`
--

INSERT INTO `craft_users` (`id`, `username`, `photo`, `firstName`, `lastName`, `email`, `password`, `preferredLocale`, `weekStartDay`, `admin`, `client`, `locked`, `suspended`, `pending`, `archived`, `lastLoginDate`, `lastLoginAttemptIPAddress`, `invalidLoginWindowStart`, `invalidLoginCount`, `lastInvalidLoginDate`, `lockoutDate`, `verificationCode`, `verificationCodeIssuedDate`, `unverifiedEmail`, `passwordResetRequired`, `lastPasswordChangeDate`, `dateCreated`, `dateUpdated`, `uid`) VALUES
 ('1', 'austen', NULL, NULL, NULL, 'austenezzell@gmail.com', '$2y$13$8bptK/rA3qcP07sZ88Q9ZuHlGID32M1aQz42H9.VdFv61Du8kFD22', NULL, '0', '1', '0', '0', '0', '0', '0', '2017-05-21 04:23:07', '::1', NULL, NULL, NULL, NULL, NULL, NULL, NULL, '0', '2017-04-17 17:21:39', '2017-04-17 17:21:39', '2017-05-21 04:23:07', '88c4e5f7-6915-4bf7-b065-5f8410bef2a6');



DROP TABLE IF EXISTS `craft_widgets`;


--
-- Schema for table `craft_widgets`
--
CREATE TABLE `craft_widgets` (
  `id` int(11) NOT NULL AUTO_INCREMENT,
  `userId` int(11) NOT NULL,
  `type` varchar(150) COLLATE utf8_unicode_ci NOT NULL,
  `sortOrder` smallint(6) unsigned DEFAULT NULL,
  `colspan` tinyint(4) unsigned DEFAULT NULL,
  `settings` text COLLATE utf8_unicode_ci,
  `enabled` tinyint(1) unsigned NOT NULL DEFAULT '1',
  `dateCreated` datetime NOT NULL,
  `dateUpdated` datetime NOT NULL,
  `uid` char(36) COLLATE utf8_unicode_ci NOT NULL DEFAULT '0',
  PRIMARY KEY (`id`),
  KEY `craft_widgets_userId_fk` (`userId`)
) ENGINE=InnoDB AUTO_INCREMENT=5 DEFAULT CHARSET=utf8 COLLATE=utf8_unicode_ci;

--
-- Data for table `craft_widgets`
--

INSERT INTO `craft_widgets` (`id`, `userId`, `type`, `sortOrder`, `colspan`, `settings`, `enabled`, `dateCreated`, `dateUpdated`, `uid`) VALUES
 ('1', '1', 'RecentEntries', '1', NULL, NULL, '1', '2017-04-17 17:21:44', '2017-04-17 17:21:44', '3c5d60e0-ebc9-4624-bb90-a1ef135e177b'),
 ('2', '1', 'GetHelp', '2', NULL, NULL, '1', '2017-04-17 17:21:44', '2017-04-17 17:21:44', 'bf0fd589-4d11-4611-98a3-4efbe82e750b'),
 ('3', '1', 'Updates', '3', NULL, NULL, '1', '2017-04-17 17:21:44', '2017-04-17 17:21:44', '7991ccfa-7bcb-4976-898c-639e9b31a86a'),
 ('4', '1', 'Feed', '4', NULL, '{\"url\":\"https:\\/\\/craftcms.com\\/news.rss\",\"title\":\"Craft News\"}', '1', '2017-04-17 17:21:44', '2017-04-17 17:21:44', '30acc0d6-8813-4c3c-bc77-c77ae46d455c');


--
-- Constraints for tables
--


--
-- Constraints for table `craft_assetfiles`
--
ALTER TABLE `craft_assetfiles`
	ADD CONSTRAINT `craft_assetfiles_folderId_fk` FOREIGN KEY (`folderId`) REFERENCES `craft_assetfolders` (`id`) ON DELETE CASCADE,
	ADD CONSTRAINT `craft_assetfiles_id_fk` FOREIGN KEY (`id`) REFERENCES `craft_elements` (`id`) ON DELETE CASCADE,
	ADD CONSTRAINT `craft_assetfiles_sourceId_fk` FOREIGN KEY (`sourceId`) REFERENCES `craft_assetsources` (`id`) ON DELETE CASCADE;

--
-- Constraints for table `craft_assetfolders`
--
ALTER TABLE `craft_assetfolders`
	ADD CONSTRAINT `craft_assetfolders_parentId_fk` FOREIGN KEY (`parentId`) REFERENCES `craft_assetfolders` (`id`) ON DELETE CASCADE,
	ADD CONSTRAINT `craft_assetfolders_sourceId_fk` FOREIGN KEY (`sourceId`) REFERENCES `craft_assetsources` (`id`) ON DELETE CASCADE;

--
-- Constraints for table `craft_assetindexdata`
--
ALTER TABLE `craft_assetindexdata`
	ADD CONSTRAINT `craft_assetindexdata_sourceId_fk` FOREIGN KEY (`sourceId`) REFERENCES `craft_assetsources` (`id`) ON DELETE CASCADE;

--
-- Constraints for table `craft_assetsources`
--
ALTER TABLE `craft_assetsources`
	ADD CONSTRAINT `craft_assetsources_fieldLayoutId_fk` FOREIGN KEY (`fieldLayoutId`) REFERENCES `craft_fieldlayouts` (`id`) ON DELETE SET NULL;

--
-- Constraints for table `craft_categories`
--
ALTER TABLE `craft_categories`
	ADD CONSTRAINT `craft_categories_groupId_fk` FOREIGN KEY (`groupId`) REFERENCES `craft_categorygroups` (`id`) ON DELETE CASCADE,
	ADD CONSTRAINT `craft_categories_id_fk` FOREIGN KEY (`id`) REFERENCES `craft_elements` (`id`) ON DELETE CASCADE;

--
-- Constraints for table `craft_categorygroups`
--
ALTER TABLE `craft_categorygroups`
	ADD CONSTRAINT `craft_categorygroups_fieldLayoutId_fk` FOREIGN KEY (`fieldLayoutId`) REFERENCES `craft_fieldlayouts` (`id`) ON DELETE SET NULL,
	ADD CONSTRAINT `craft_categorygroups_structureId_fk` FOREIGN KEY (`structureId`) REFERENCES `craft_structures` (`id`) ON DELETE CASCADE;

--
-- Constraints for table `craft_categorygroups_i18n`
--
ALTER TABLE `craft_categorygroups_i18n`
	ADD CONSTRAINT `craft_categorygroups_i18n_groupId_fk` FOREIGN KEY (`groupId`) REFERENCES `craft_categorygroups` (`id`) ON DELETE CASCADE,
	ADD CONSTRAINT `craft_categorygroups_i18n_locale_fk` FOREIGN KEY (`locale`) REFERENCES `craft_locales` (`locale`) ON DELETE CASCADE ON UPDATE CASCADE;

--
-- Constraints for table `craft_content`
--
ALTER TABLE `craft_content`
	ADD CONSTRAINT `craft_content_elementId_fk` FOREIGN KEY (`elementId`) REFERENCES `craft_elements` (`id`) ON DELETE CASCADE,
	ADD CONSTRAINT `craft_content_locale_fk` FOREIGN KEY (`locale`) REFERENCES `craft_locales` (`locale`) ON DELETE CASCADE ON UPDATE CASCADE;

--
-- Constraints for table `craft_elements_i18n`
--
ALTER TABLE `craft_elements_i18n`
	ADD CONSTRAINT `craft_elements_i18n_elementId_fk` FOREIGN KEY (`elementId`) REFERENCES `craft_elements` (`id`) ON DELETE CASCADE,
	ADD CONSTRAINT `craft_elements_i18n_locale_fk` FOREIGN KEY (`locale`) REFERENCES `craft_locales` (`locale`) ON DELETE CASCADE ON UPDATE CASCADE;

--
-- Constraints for table `craft_emailmessages`
--
ALTER TABLE `craft_emailmessages`
	ADD CONSTRAINT `craft_emailmessages_locale_fk` FOREIGN KEY (`locale`) REFERENCES `craft_locales` (`locale`) ON DELETE CASCADE ON UPDATE CASCADE;

--
-- Constraints for table `craft_entries`
--
ALTER TABLE `craft_entries`
	ADD CONSTRAINT `craft_entries_authorId_fk` FOREIGN KEY (`authorId`) REFERENCES `craft_users` (`id`) ON DELETE CASCADE,
	ADD CONSTRAINT `craft_entries_id_fk` FOREIGN KEY (`id`) REFERENCES `craft_elements` (`id`) ON DELETE CASCADE,
	ADD CONSTRAINT `craft_entries_sectionId_fk` FOREIGN KEY (`sectionId`) REFERENCES `craft_sections` (`id`) ON DELETE CASCADE,
	ADD CONSTRAINT `craft_entries_typeId_fk` FOREIGN KEY (`typeId`) REFERENCES `craft_entrytypes` (`id`) ON DELETE CASCADE;

--
-- Constraints for table `craft_entrydrafts`
--
ALTER TABLE `craft_entrydrafts`
	ADD CONSTRAINT `craft_entrydrafts_creatorId_fk` FOREIGN KEY (`creatorId`) REFERENCES `craft_users` (`id`) ON DELETE CASCADE,
	ADD CONSTRAINT `craft_entrydrafts_entryId_fk` FOREIGN KEY (`entryId`) REFERENCES `craft_entries` (`id`) ON DELETE CASCADE,
	ADD CONSTRAINT `craft_entrydrafts_locale_fk` FOREIGN KEY (`locale`) REFERENCES `craft_locales` (`locale`) ON DELETE CASCADE ON UPDATE CASCADE,
	ADD CONSTRAINT `craft_entrydrafts_sectionId_fk` FOREIGN KEY (`sectionId`) REFERENCES `craft_sections` (`id`) ON DELETE CASCADE;

--
-- Constraints for table `craft_entrytypes`
--
ALTER TABLE `craft_entrytypes`
	ADD CONSTRAINT `craft_entrytypes_fieldLayoutId_fk` FOREIGN KEY (`fieldLayoutId`) REFERENCES `craft_fieldlayouts` (`id`) ON DELETE SET NULL,
	ADD CONSTRAINT `craft_entrytypes_sectionId_fk` FOREIGN KEY (`sectionId`) REFERENCES `craft_sections` (`id`) ON DELETE CASCADE;

--
-- Constraints for table `craft_entryversions`
--
ALTER TABLE `craft_entryversions`
	ADD CONSTRAINT `craft_entryversions_creatorId_fk` FOREIGN KEY (`creatorId`) REFERENCES `craft_users` (`id`) ON DELETE SET NULL,
	ADD CONSTRAINT `craft_entryversions_entryId_fk` FOREIGN KEY (`entryId`) REFERENCES `craft_entries` (`id`) ON DELETE CASCADE,
	ADD CONSTRAINT `craft_entryversions_locale_fk` FOREIGN KEY (`locale`) REFERENCES `craft_locales` (`locale`) ON DELETE CASCADE ON UPDATE CASCADE,
	ADD CONSTRAINT `craft_entryversions_sectionId_fk` FOREIGN KEY (`sectionId`) REFERENCES `craft_sections` (`id`) ON DELETE CASCADE;

--
-- Constraints for table `craft_fieldlayoutfields`
--
ALTER TABLE `craft_fieldlayoutfields`
	ADD CONSTRAINT `craft_fieldlayoutfields_fieldId_fk` FOREIGN KEY (`fieldId`) REFERENCES `craft_fields` (`id`) ON DELETE CASCADE,
	ADD CONSTRAINT `craft_fieldlayoutfields_layoutId_fk` FOREIGN KEY (`layoutId`) REFERENCES `craft_fieldlayouts` (`id`) ON DELETE CASCADE,
	ADD CONSTRAINT `craft_fieldlayoutfields_tabId_fk` FOREIGN KEY (`tabId`) REFERENCES `craft_fieldlayouttabs` (`id`) ON DELETE CASCADE;

--
-- Constraints for table `craft_fieldlayouttabs`
--
ALTER TABLE `craft_fieldlayouttabs`
	ADD CONSTRAINT `craft_fieldlayouttabs_layoutId_fk` FOREIGN KEY (`layoutId`) REFERENCES `craft_fieldlayouts` (`id`) ON DELETE CASCADE;

--
-- Constraints for table `craft_fields`
--
ALTER TABLE `craft_fields`
	ADD CONSTRAINT `craft_fields_groupId_fk` FOREIGN KEY (`groupId`) REFERENCES `craft_fieldgroups` (`id`) ON DELETE CASCADE;

--
-- Constraints for table `craft_globalsets`
--
ALTER TABLE `craft_globalsets`
	ADD CONSTRAINT `craft_globalsets_fieldLayoutId_fk` FOREIGN KEY (`fieldLayoutId`) REFERENCES `craft_fieldlayouts` (`id`) ON DELETE SET NULL,
	ADD CONSTRAINT `craft_globalsets_id_fk` FOREIGN KEY (`id`) REFERENCES `craft_elements` (`id`) ON DELETE CASCADE;

--
-- Constraints for table `craft_matrixblocks`
--
ALTER TABLE `craft_matrixblocks`
	ADD CONSTRAINT `craft_matrixblocks_fieldId_fk` FOREIGN KEY (`fieldId`) REFERENCES `craft_fields` (`id`) ON DELETE CASCADE,
	ADD CONSTRAINT `craft_matrixblocks_id_fk` FOREIGN KEY (`id`) REFERENCES `craft_elements` (`id`) ON DELETE CASCADE,
	ADD CONSTRAINT `craft_matrixblocks_ownerId_fk` FOREIGN KEY (`ownerId`) REFERENCES `craft_elements` (`id`) ON DELETE CASCADE,
	ADD CONSTRAINT `craft_matrixblocks_ownerLocale_fk` FOREIGN KEY (`ownerLocale`) REFERENCES `craft_locales` (`locale`) ON DELETE CASCADE ON UPDATE CASCADE,
	ADD CONSTRAINT `craft_matrixblocks_typeId_fk` FOREIGN KEY (`typeId`) REFERENCES `craft_matrixblocktypes` (`id`) ON DELETE CASCADE;

--
-- Constraints for table `craft_matrixblocktypes`
--
ALTER TABLE `craft_matrixblocktypes`
	ADD CONSTRAINT `craft_matrixblocktypes_fieldId_fk` FOREIGN KEY (`fieldId`) REFERENCES `craft_fields` (`id`) ON DELETE CASCADE,
	ADD CONSTRAINT `craft_matrixblocktypes_fieldLayoutId_fk` FOREIGN KEY (`fieldLayoutId`) REFERENCES `craft_fieldlayouts` (`id`) ON DELETE SET NULL;

--
-- Constraints for table `craft_matrixcontent_commercial`
--
ALTER TABLE `craft_matrixcontent_commercial`
	ADD CONSTRAINT `craft_matrixcontent_commercial_elementId_fk` FOREIGN KEY (`elementId`) REFERENCES `craft_elements` (`id`) ON DELETE CASCADE,
	ADD CONSTRAINT `craft_matrixcontent_commercial_locale_fk` FOREIGN KEY (`locale`) REFERENCES `craft_locales` (`locale`) ON DELETE CASCADE ON UPDATE CASCADE;

--
-- Constraints for table `craft_matrixcontent_social`
--
ALTER TABLE `craft_matrixcontent_social`
	ADD CONSTRAINT `craft_matrixcontent_social_elementId_fk` FOREIGN KEY (`elementId`) REFERENCES `craft_elements` (`id`) ON DELETE CASCADE,
	ADD CONSTRAINT `craft_matrixcontent_social_locale_fk` FOREIGN KEY (`locale`) REFERENCES `craft_locales` (`locale`) ON DELETE CASCADE ON UPDATE CASCADE;

--
-- Constraints for table `craft_migrations`
--
ALTER TABLE `craft_migrations`
	ADD CONSTRAINT `craft_migrations_pluginId_fk` FOREIGN KEY (`pluginId`) REFERENCES `craft_plugins` (`id`) ON DELETE CASCADE;

--
-- Constraints for table `craft_relations`
--
ALTER TABLE `craft_relations`
	ADD CONSTRAINT `craft_relations_fieldId_fk` FOREIGN KEY (`fieldId`) REFERENCES `craft_fields` (`id`) ON DELETE CASCADE,
	ADD CONSTRAINT `craft_relations_sourceId_fk` FOREIGN KEY (`sourceId`) REFERENCES `craft_elements` (`id`) ON DELETE CASCADE,
	ADD CONSTRAINT `craft_relations_sourceLocale_fk` FOREIGN KEY (`sourceLocale`) REFERENCES `craft_locales` (`locale`) ON DELETE CASCADE ON UPDATE CASCADE,
	ADD CONSTRAINT `craft_relations_targetId_fk` FOREIGN KEY (`targetId`) REFERENCES `craft_elements` (`id`) ON DELETE CASCADE;

--
-- Constraints for table `craft_routes`
--
ALTER TABLE `craft_routes`
	ADD CONSTRAINT `craft_routes_locale_fk` FOREIGN KEY (`locale`) REFERENCES `craft_locales` (`locale`) ON DELETE CASCADE ON UPDATE CASCADE;

--
-- Constraints for table `craft_sections`
--
ALTER TABLE `craft_sections`
	ADD CONSTRAINT `craft_sections_structureId_fk` FOREIGN KEY (`structureId`) REFERENCES `craft_structures` (`id`) ON DELETE SET NULL;

--
-- Constraints for table `craft_sections_i18n`
--
ALTER TABLE `craft_sections_i18n`
	ADD CONSTRAINT `craft_sections_i18n_locale_fk` FOREIGN KEY (`locale`) REFERENCES `craft_locales` (`locale`) ON DELETE CASCADE ON UPDATE CASCADE,
	ADD CONSTRAINT `craft_sections_i18n_sectionId_fk` FOREIGN KEY (`sectionId`) REFERENCES `craft_sections` (`id`) ON DELETE CASCADE;

--
-- Constraints for table `craft_sessions`
--
ALTER TABLE `craft_sessions`
	ADD CONSTRAINT `craft_sessions_userId_fk` FOREIGN KEY (`userId`) REFERENCES `craft_users` (`id`) ON DELETE CASCADE;

--
-- Constraints for table `craft_shunnedmessages`
--
ALTER TABLE `craft_shunnedmessages`
	ADD CONSTRAINT `craft_shunnedmessages_userId_fk` FOREIGN KEY (`userId`) REFERENCES `craft_users` (`id`) ON DELETE CASCADE;

--
-- Constraints for table `craft_structureelements`
--
ALTER TABLE `craft_structureelements`
	ADD CONSTRAINT `craft_structureelements_elementId_fk` FOREIGN KEY (`elementId`) REFERENCES `craft_elements` (`id`) ON DELETE CASCADE,
	ADD CONSTRAINT `craft_structureelements_structureId_fk` FOREIGN KEY (`structureId`) REFERENCES `craft_structures` (`id`) ON DELETE CASCADE;

--
-- Constraints for table `craft_taggroups`
--
ALTER TABLE `craft_taggroups`
	ADD CONSTRAINT `craft_taggroups_fieldLayoutId_fk` FOREIGN KEY (`fieldLayoutId`) REFERENCES `craft_fieldlayouts` (`id`) ON DELETE SET NULL;

--
-- Constraints for table `craft_tags`
--
ALTER TABLE `craft_tags`
	ADD CONSTRAINT `craft_tags_groupId_fk` FOREIGN KEY (`groupId`) REFERENCES `craft_taggroups` (`id`) ON DELETE CASCADE,
	ADD CONSTRAINT `craft_tags_id_fk` FOREIGN KEY (`id`) REFERENCES `craft_elements` (`id`) ON DELETE CASCADE;

--
-- Constraints for table `craft_templatecachecriteria`
--
ALTER TABLE `craft_templatecachecriteria`
	ADD CONSTRAINT `craft_templatecachecriteria_cacheId_fk` FOREIGN KEY (`cacheId`) REFERENCES `craft_templatecaches` (`id`) ON DELETE CASCADE;

--
-- Constraints for table `craft_templatecacheelements`
--
ALTER TABLE `craft_templatecacheelements`
	ADD CONSTRAINT `craft_templatecacheelements_cacheId_fk` FOREIGN KEY (`cacheId`) REFERENCES `craft_templatecaches` (`id`) ON DELETE CASCADE,
	ADD CONSTRAINT `craft_templatecacheelements_elementId_fk` FOREIGN KEY (`elementId`) REFERENCES `craft_elements` (`id`) ON DELETE CASCADE;

--
-- Constraints for table `craft_templatecaches`
--
ALTER TABLE `craft_templatecaches`
	ADD CONSTRAINT `craft_templatecaches_locale_fk` FOREIGN KEY (`locale`) REFERENCES `craft_locales` (`locale`) ON DELETE CASCADE ON UPDATE CASCADE;

--
-- Constraints for table `craft_usergroups_users`
--
ALTER TABLE `craft_usergroups_users`
	ADD CONSTRAINT `craft_usergroups_users_groupId_fk` FOREIGN KEY (`groupId`) REFERENCES `craft_usergroups` (`id`) ON DELETE CASCADE,
	ADD CONSTRAINT `craft_usergroups_users_userId_fk` FOREIGN KEY (`userId`) REFERENCES `craft_users` (`id`) ON DELETE CASCADE;

--
-- Constraints for table `craft_userpermissions_usergroups`
--
ALTER TABLE `craft_userpermissions_usergroups`
	ADD CONSTRAINT `craft_userpermissions_usergroups_groupId_fk` FOREIGN KEY (`groupId`) REFERENCES `craft_usergroups` (`id`) ON DELETE CASCADE,
	ADD CONSTRAINT `craft_userpermissions_usergroups_permissionId_fk` FOREIGN KEY (`permissionId`) REFERENCES `craft_userpermissions` (`id`) ON DELETE CASCADE;

--
-- Constraints for table `craft_userpermissions_users`
--
ALTER TABLE `craft_userpermissions_users`
	ADD CONSTRAINT `craft_userpermissions_users_permissionId_fk` FOREIGN KEY (`permissionId`) REFERENCES `craft_userpermissions` (`id`) ON DELETE CASCADE,
	ADD CONSTRAINT `craft_userpermissions_users_userId_fk` FOREIGN KEY (`userId`) REFERENCES `craft_users` (`id`) ON DELETE CASCADE;

--
-- Constraints for table `craft_users`
--
ALTER TABLE `craft_users`
	ADD CONSTRAINT `craft_users_id_fk` FOREIGN KEY (`id`) REFERENCES `craft_elements` (`id`) ON DELETE CASCADE,
	ADD CONSTRAINT `craft_users_preferredLocale_fk` FOREIGN KEY (`preferredLocale`) REFERENCES `craft_locales` (`locale`) ON DELETE SET NULL ON UPDATE CASCADE;

--
-- Constraints for table `craft_widgets`
--
ALTER TABLE `craft_widgets`
	ADD CONSTRAINT `craft_widgets_userId_fk` FOREIGN KEY (`userId`) REFERENCES `craft_users` (`id`) ON DELETE CASCADE;

SET FOREIGN_KEY_CHECKS = 1;
